id,filename,label,language,scene_2cls,topic_4cls,generation_prompt
AM_fake_001,AM_fake_001.jpg,fake,AMHARIC,paper,Culture & Entertainment,"Imagine looking at someone's phone or screen showing certificate in light mode. The screen displays a post in Amharic (አማርኛ) about: entertainment industry report on a major streaming platform's content deal worth $4.7 billion with a production studio at Millbrook. The interface includes: formal certificate: ornate border design, institution name and logo at top; recipient name in calligraphic or bold font, degree/qualification title; date of issue, signatures, embossed seal, certificate number. Landscape framing, aspect 4:3, 1600×1200 (landscape form scan), captured from Single-page A4/letter in viewer or on desk, margins, paragraph blocks, formal layout. The image has: printed on paper and then photographed, showing paper texture, slight skew, and ambient shadows. Names, organizations, places, and numbers should use plausible everyday forms. Typography and UI density should match a genuine device capture."
AM_fake_002,AM_fake_002.jpg,fake,AMHARIC,paper,Culture & Entertainment,"A light mode screenshot of gov_notice in Amharic, showing: fan-made tribute post for a legendary musician's anniversary, showing career timeline and 23K fan reactions. UI layout: official government document: agency/ministry letterhead, government emblem/seal; document title in bold, formal reference number, date; body text in formal language, official signature, stamp, classification marking. Portrait framing, aspect 3:4, 1200×1600 (document viewer portrait); device frame: Single-page A4/letter in viewer or on desk, margins, paragraph blocks, formal layout. Capture condition: wet or coffee-stained document with ring marks and faded text areas. All text content is in Amharic (አማርኛ). Names, organizations, places, and numbers should use plausible everyday forms. Typography and UI density should match a genuine device capture."
AM_fake_003,AM_fake_003.jpg,fake,AMHARIC,paper,Politics & Military,"Device capture of a newspaper interface displaying the following content in Amharic (አማርኛ): military command communiqué announcing a ceasefire agreement effective at 0600 hours along the Harborview border corridor. The screen shows light mode with these UI elements: newspaper front page layout: masthead with newspaper name, date, edition number; multi-column text layout, large headline in bold serif font, subheadlines, byline; black and white or muted-color photos with captions, article continuation markers. Landscape framing, aspect 4:3, 1600×1200 (print flat landscape); framed as Flat-lay of printed page on a desk, paper curl, soft shadow, natural reading distance. Image condition: wet or coffee-stained document with ring marks and faded text areas. Names, organizations, places, and numbers should use plausible everyday forms. Typography and UI density should match a genuine device capture."
AM_fake_004,AM_fake_004.jpg,fake,AMHARIC,paper,Politics & Military,"Device capture of a magazine interface displaying the following content in Amharic (አማርኛ): veterans affairs ministry statement about $2.1 billion in new disability benefits for at least 14 service members from Riverside Province operations. The screen shows light mode with these UI elements: magazine page: glossy finish look, stylized headline typography, large feature image; pull quotes, sidebar text boxes, page number, magazine name in header/footer; multi-column layout with callout statistics or infographics. Portrait framing, aspect 3:4, 1200×1600 (document viewer portrait); framed as Single-page A4/letter in viewer or on desk, margins, paragraph blocks, formal layout. Image condition: slightly compressed image quality, minor compression artifacts visible at edges. Names, organizations, places, and numbers should use plausible everyday forms. Typography and UI density should match a genuine device capture."
AM_fake_005,AM_fake_005.jpg,fake,AMHARIC,paper,Society & Livelihood,"A photograph of a device screen showing newspaper (light mode). The post/page content, written in Amharic (አማርኛ), is about: health authority advisory on seasonal flu vaccination side effects, with 76% of recipients reporting mild symptoms. Visible UI components: newspaper front page layout: masthead with newspaper name, date, edition number; multi-column text layout, large headline in bold serif font, subheadlines, byline; black and white or muted-color photos with captions, article continuation markers. Landscape framing, aspect 4:3, 1600×1200 (landscape form scan). Device: Single-page A4/letter in viewer or on desk, margins, paragraph blocks, formal layout. Photo characteristics: photographed from another screen with visible moire pattern and slight reflection glare. Names, organizations, places, and numbers should use plausible everyday forms. Typography and UI density should match a genuine device capture."
AM_real_001,AM_real_001.jpg,real,AMHARIC,screen,Culture & Entertainment,
AM_real_002,AM_real_002.jpg,real,AMHARIC,screen,Culture & Entertainment,
AM_real_003,AM_real_003.jpg,real,AMHARIC,screen,Politics & Military,
AM_real_004,AM_real_004.jpg,real,AMHARIC,screen,Politics & Military,
AM_real_005,AM_real_005.jpg,real,AMHARIC,screen,Society & Livelihood,
AR_fake_001,AR_fake_001.jpg,fake,ARABIC,paper,Culture & Entertainment,"newspaper · light mode · Arabic (العربية). Content: entertainment news post reporting a famous actor's hospitalization at Silverline Logistics for exhaustion, with management statement. UI specification: newspaper front page layout: masthead with newspaper name, date, edition number; multi-column text layout, large headline in bold serif font, subheadlines, byline; black and white or muted-color photos with captions, article continuation markers. Resolution/framing: Portrait framing, aspect 3:4, 1200×1600 (print flat scan). Device context: Flat-lay of printed page on a desk, paper curl, soft shadow, natural reading distance. Capture artifact: clean digital screenshot, no physical artifacts. Names, organizations, places, and numbers should use plausible everyday forms. Typography and UI density should match a genuine device capture."
AR_fake_002,AR_fake_002.jpg,fake,ARABIC,paper,Culture & Entertainment,"A photograph of a device screen showing newspaper (light mode). The post/page content, written in Arabic (العربية), is about: product endorsement post by a well-known athlete promoting Coastal Energy Solutions's new fitness supplement with personal usage story. Visible UI components: newspaper front page layout: masthead with newspaper name, date, edition number; multi-column text layout, large headline in bold serif font, subheadlines, byline; black and white or muted-color photos with captions, article continuation markers. Landscape framing, aspect 4:3, 1600×1200 (print flat landscape). Device: Flat-lay of printed page on a desk, paper curl, soft shadow, natural reading distance. Photo characteristics: slightly compressed image quality, minor compression artifacts visible at edges. Names, organizations, places, and numbers should use plausible everyday forms. Typography and UI density should match a genuine device capture."
AR_fake_003,AR_fake_003.jpg,fake,ARABIC,paper,Politics & Military,"A photograph of a device screen showing newspaper (light mode). The post/page content, written in Arabic (العربية), is about: veterans affairs ministry statement about $1.2 billion in new disability benefits for at least 14 service members from Cedarville operations. Visible UI components: newspaper front page layout: masthead with newspaper name, date, edition number; multi-column text layout, large headline in bold serif font, subheadlines, byline; black and white or muted-color photos with captions, article continuation markers. Landscape framing, aspect 4:3, 1600×1200 (landscape form scan). Device: Single-page A4/letter in viewer or on desk, margins, paragraph blocks, formal layout. Photo characteristics: wet or coffee-stained document with ring marks and faded text areas. Names, organizations, places, and numbers should use plausible everyday forms. Typography and UI density should match a genuine device capture."
AR_fake_004,AR_fake_004.jpg,fake,ARABIC,paper,Politics & Military,"newspaper · light mode · Arabic (العربية). Content: military command communiqué announcing a ceasefire agreement effective at 0600 hours along the Stonehill border corridor. UI specification: newspaper front page layout: masthead with newspaper name, date, edition number; multi-column text layout, large headline in bold serif font, subheadlines, byline; black and white or muted-color photos with captions, article continuation markers. Resolution/framing: Landscape framing, aspect 4:3, 1600×1200 (print flat landscape). Device context: Flat-lay of printed page on a desk, paper curl, soft shadow, natural reading distance. Capture artifact: clean digital screenshot, no physical artifacts. Names, organizations, places, and numbers should use plausible everyday forms. Typography and UI density should match a genuine device capture."
AR_fake_005,AR_fake_005.jpg,fake,ARABIC,paper,Society & Livelihood,"A photograph of a device screen showing magazine (light mode). The post/page content, written in Arabic (العربية), is about: missing person alert with physical description, last seen location near Oakmont transit station, contact number for tips. Visible UI components: magazine page: glossy finish look, stylized headline typography, large feature image; pull quotes, sidebar text boxes, page number, magazine name in header/footer; multi-column layout with callout statistics or infographics. Portrait framing, aspect 2:3, 1200×1800 (tall print tile). Device: Flat-lay of printed page on a desk, paper curl, soft shadow, natural reading distance. Photo characteristics: clean digital screenshot, no physical artifacts. Names, organizations, places, and numbers should use plausible everyday forms. Typography and UI density should match a genuine device capture."
AR_real_001,AR_real_001.jpg,real,ARABIC,paper,Culture & Entertainment,
AR_real_002,AR_real_002.jpg,real,ARABIC,paper,Culture & Entertainment,
AR_real_003,AR_real_003.jpg,real,ARABIC,paper,Politics & Military,
AR_real_004,AR_real_004.jpg,real,ARABIC,paper,Politics & Military,
AR_real_005,AR_real_005.jpg,real,ARABIC,paper,Society & Livelihood,
BN_fake_001,BN_fake_001.jpg,fake,BENGALI,paper,Culture & Entertainment,"Imagine looking at someone's phone or screen showing newspaper in light mode. The screen displays a post in Bengali (বাংলা) about: entertainment news post reporting a famous actor's hospitalization at Pacific Development Corp for exhaustion, with management statement. The interface includes: newspaper front page layout: masthead with newspaper name, date, edition number; multi-column text layout, large headline in bold serif font, subheadlines, byline; black and white or muted-color photos with captions, article continuation markers. Landscape framing, aspect 4:3, 1600×1200 (landscape form scan), captured from Single-page A4/letter in viewer or on desk, margins, paragraph blocks, formal layout. The image has: slightly compressed image quality, minor compression artifacts visible at edges. Names, organizations, places, and numbers should use plausible everyday forms. Typography and UI density should match a genuine device capture."
BN_fake_002,BN_fake_002.jpg,fake,BENGALI,paper,Culture & Entertainment,"Device capture of a magazine interface displaying the following content in Bengali (বাংলা): tabloid-style report on a public figure's real estate purchase in Clearwater Bay for $430 million, with property photos. The screen shows light mode with these UI elements: magazine page: glossy finish look, stylized headline typography, large feature image; pull quotes, sidebar text boxes, page number, magazine name in header/footer; multi-column layout with callout statistics or infographics. Portrait framing, aspect 2:3, 1200×1800 (A-series scan); framed as Single-page A4/letter in viewer or on desk, margins, paragraph blocks, formal layout. Image condition: slightly compressed image quality, minor compression artifacts visible at edges. Names, organizations, places, and numbers should use plausible everyday forms. Typography and UI density should match a genuine device capture."
BN_fake_003,BN_fake_003.jpg,fake,BENGALI,paper,Politics & Military,"Imagine looking at someone's phone or screen showing newspaper in light mode. The screen displays a post in Bengali (বাংলা) about: election night results graphic showing vote percentages across Clearwater Bay districts with 28% lead margin. The interface includes: newspaper front page layout: masthead with newspaper name, date, edition number; multi-column text layout, large headline in bold serif font, subheadlines, byline; black and white or muted-color photos with captions, article continuation markers. Portrait framing, aspect 3:4, 1200×1600 (document viewer portrait), captured from Single-page A4/letter in viewer or on desk, margins, paragraph blocks, formal layout. The image has: photographed from another screen with visible moire pattern and slight reflection glare. Names, organizations, places, and numbers should use plausible everyday forms. Typography and UI density should match a genuine device capture."
BN_fake_004,BN_fake_004.jpg,fake,BENGALI,paper,Politics & Military,"A light mode screenshot of magazine in Bengali, showing: election night results graphic showing vote percentages across Maplewood Township districts with 23% lead margin. UI layout: magazine page: glossy finish look, stylized headline typography, large feature image; pull quotes, sidebar text boxes, page number, magazine name in header/footer; multi-column layout with callout statistics or infographics. Portrait framing, aspect 2:3, 1200×1800 (A-series scan); device frame: Single-page A4/letter in viewer or on desk, margins, paragraph blocks, formal layout. Capture condition: photocopied document with reduced contrast, visible copier edge shadows, and slight grain. All text content is in Bengali (বাংলা). Names, organizations, places, and numbers should use plausible everyday forms. Typography and UI density should match a genuine device capture."
BN_fake_005,BN_fake_005.jpg,fake,BENGALI,paper,Society & Livelihood,"A photograph of a device screen showing magazine (light mode). The post/page content, written in Bengali (বাংলা), is about: medical prescription from Crescent Valley Hospital clinic listing Atorvastatin 40mg once daily at bedtime for a patient follow-up visit. Visible UI components: magazine page: glossy finish look, stylized headline typography, large feature image; pull quotes, sidebar text boxes, page number, magazine name in header/footer; multi-column layout with callout statistics or infographics. Portrait framing, aspect 2:3, 1200×1800 (tall print tile). Device: Flat-lay of printed page on a desk, paper curl, soft shadow, natural reading distance. Photo characteristics: clean digital screenshot, no physical artifacts. Names, organizations, places, and numbers should use plausible everyday forms. Typography and UI density should match a genuine device capture."
BN_real_001,BN_real_001.jpg,real,BENGALI,screen,Culture & Entertainment,
BN_real_002,BN_real_002.jpg,real,BENGALI,screen,Culture & Entertainment,
BN_real_003,BN_real_003.jpg,real,BENGALI,screen,Politics & Military,
BN_real_004,BN_real_004.jpg,real,BENGALI,screen,Politics & Military,
BN_real_005,BN_real_005.jpg,real,BENGALI,screen,Society & Livelihood,
MY_fake_001,MY_fake_001.jpg,fake,BURMESE,paper,Culture & Entertainment,"Imagine looking at someone's phone or screen showing magazine in light mode. The screen displays a post in Burmese (မြန်မာ) about: entertainment news post reporting a famous actor's hospitalization at Pinnacle Education Foundation for exhaustion, with management statement. The interface includes: magazine page: glossy finish look, stylized headline typography, large feature image; pull quotes, sidebar text boxes, page number, magazine name in header/footer; multi-column layout with callout statistics or infographics. Portrait framing, aspect 3:4, 1200×1600 (document viewer portrait), captured from Single-page A4/letter in viewer or on desk, margins, paragraph blocks, formal layout. The image has: printed on paper and then photographed, showing paper texture, slight skew, and ambient shadows. Names, organizations, places, and numbers should use plausible everyday forms. Typography and UI density should match a genuine device capture."
MY_fake_002,MY_fake_002.jpg,fake,BURMESE,paper,Culture & Entertainment,"newspaper · light mode · Burmese (မြန်မာ). Content: entertainment news post reporting a famous actor's hospitalization at Crescent Valley Hospital for exhaustion, with management statement. UI specification: newspaper front page layout: masthead with newspaper name, date, edition number; multi-column text layout, large headline in bold serif font, subheadlines, byline; black and white or muted-color photos with captions, article continuation markers. Resolution/framing: Landscape framing, aspect 4:3, 1600×1200 (print flat landscape). Device context: Flat-lay of printed page on a desk, paper curl, soft shadow, natural reading distance. Capture artifact: photographed from another screen with visible moire pattern and slight reflection glare. Names, organizations, places, and numbers should use plausible everyday forms. Typography and UI density should match a genuine device capture."
MY_fake_003,MY_fake_003.jpg,fake,BURMESE,paper,Politics & Military,"A photograph of a device screen showing newspaper (light mode). The post/page content, written in Burmese (မြန်မာ), is about: diplomatic statement about new trade agreement terms between two nations, with specific tariff reduction figures of 12%. Visible UI components: newspaper front page layout: masthead with newspaper name, date, edition number; multi-column text layout, large headline in bold serif font, subheadlines, byline; black and white or muted-color photos with captions, article continuation markers. Landscape framing, aspect 4:3, 1600×1200 (print flat landscape). Device: Flat-lay of printed page on a desk, paper curl, soft shadow, natural reading distance. Photo characteristics: newspaper clipping that has been scanned, with yellowed edges and slight ink smudges. Names, organizations, places, and numbers should use plausible everyday forms. Typography and UI density should match a genuine device capture."
MY_fake_004,MY_fake_004.jpg,fake,BURMESE,paper,Politics & Military,"magazine · light mode · Burmese (မြန်မာ). Content: naval exercise press release announcing joint operations between two allies in the Riverside Province waters involving at least 78 vessels. UI specification: magazine page: glossy finish look, stylized headline typography, large feature image; pull quotes, sidebar text boxes, page number, magazine name in header/footer; multi-column layout with callout statistics or infographics. Resolution/framing: Portrait framing, aspect 3:4, 1200×1600 (print flat scan). Device context: Flat-lay of printed page on a desk, paper curl, soft shadow, natural reading distance. Capture artifact: clean digital screenshot, no physical artifacts. Names, organizations, places, and numbers should use plausible everyday forms. Typography and UI density should match a genuine device capture."
MY_fake_005,MY_fake_005.jpg,fake,BURMESE,paper,Society & Livelihood,"Imagine looking at someone's phone or screen showing newspaper in light mode. The screen displays a post in Burmese (မြန်မာ) about: road closure and traffic advisory for Silverton following a multi-vehicle pileup on Highway 12, with approximately 35 injuries reported. The interface includes: newspaper front page layout: masthead with newspaper name, date, edition number; multi-column text layout, large headline in bold serif font, subheadlines, byline; black and white or muted-color photos with captions, article continuation markers. Landscape framing, aspect 4:3, 1600×1200 (print flat landscape), captured from Flat-lay of printed page on a desk, paper curl, soft shadow, natural reading distance. The image has: printed on paper and then photographed, showing paper texture, slight skew, and ambient shadows. Names, organizations, places, and numbers should use plausible everyday forms. Typography and UI density should match a genuine device capture."
MY_real_001,MY_real_001.jpg,real,BURMESE,screen,Culture & Entertainment,
MY_real_002,MY_real_002.jpg,real,BURMESE,screen,Culture & Entertainment,
MY_real_003,MY_real_003.jpg,real,BURMESE,screen,Politics & Military,
MY_real_004,MY_real_004.jpg,real,BURMESE,screen,Politics & Military,
MY_real_005,MY_real_005.jpg,real,BURMESE,screen,Society & Livelihood,
ZH_fake_001,ZH_fake_001.jpg,fake,CHINESE,paper,Culture & Entertainment,"Device capture of a newspaper interface displaying the following content in Chinese (中文): product endorsement post by a well-known athlete promoting Silverline Logistics's new fitness supplement with personal usage story. The screen shows light mode with these UI elements: newspaper front page layout: masthead with newspaper name, date, edition number; multi-column text layout, large headline in bold serif font, subheadlines, byline; black and white or muted-color photos with captions, article continuation markers. Portrait framing, aspect 3:4, 1200×1600 (document viewer portrait); framed as Single-page A4/letter in viewer or on desk, margins, paragraph blocks, formal layout. Image condition: clean digital screenshot, no physical artifacts. Names, organizations, places, and numbers should use plausible everyday forms. Typography and UI density should match a genuine device capture."
ZH_fake_002,ZH_fake_002.jpg,fake,CHINESE,paper,Culture & Entertainment,"A photograph of a device screen showing newspaper (light mode). The post/page content, written in Chinese (中文), is about: tabloid-style report on a public figure's real estate purchase in Silverton for $2.1 billion, with property photos. Visible UI components: newspaper front page layout: masthead with newspaper name, date, edition number; multi-column text layout, large headline in bold serif font, subheadlines, byline; black and white or muted-color photos with captions, article continuation markers. Landscape framing, aspect 4:3, 1600×1200 (landscape form scan). Device: Single-page A4/letter in viewer or on desk, margins, paragraph blocks, formal layout. Photo characteristics: clean digital screenshot, no physical artifacts. Names, organizations, places, and numbers should use plausible everyday forms. Typography and UI density should match a genuine device capture."
ZH_fake_003,ZH_fake_003.jpg,fake,CHINESE,paper,Politics & Military,"A light mode screenshot of magazine in Chinese, showing: municipal council voting results for the Palm Ridge rezoning proposal, with 31% approval rate. UI layout: magazine page: glossy finish look, stylized headline typography, large feature image; pull quotes, sidebar text boxes, page number, magazine name in header/footer; multi-column layout with callout statistics or infographics. Portrait framing, aspect 2:3, 1200×1800 (tall print tile); device frame: Flat-lay of printed page on a desk, paper curl, soft shadow, natural reading distance. Capture condition: clean digital screenshot, no physical artifacts. All text content is in Chinese (中文). Names, organizations, places, and numbers should use plausible everyday forms. Typography and UI density should match a genuine device capture."
ZH_fake_004,ZH_fake_004.jpg,fake,CHINESE,paper,Politics & Military,"magazine · light mode · Chinese (中文). Content: protest rally coverage showing crowd at Cedarville central square with organizers claiming approximately 35 attendees. UI specification: magazine page: glossy finish look, stylized headline typography, large feature image; pull quotes, sidebar text boxes, page number, magazine name in header/footer; multi-column layout with callout statistics or infographics. Resolution/framing: Portrait framing, aspect 2:3, 1200×1800 (A-series scan). Device context: Single-page A4/letter in viewer or on desk, margins, paragraph blocks, formal layout. Capture artifact: photocopied document with reduced contrast, visible copier edge shadows, and slight grain. Names, organizations, places, and numbers should use plausible everyday forms. Typography and UI density should match a genuine device capture."
ZH_fake_005,ZH_fake_005.jpg,fake,CHINESE,paper,Society & Livelihood,"Imagine looking at someone's phone or screen showing magazine in light mode. The screen displays a post in Chinese (中文) about: Coastal Energy Solutions clinical trial recruitment notice for a new diabetes treatment, offering $9.8 billion compensation to participants in Westfield County. The interface includes: magazine page: glossy finish look, stylized headline typography, large feature image; pull quotes, sidebar text boxes, page number, magazine name in header/footer; multi-column layout with callout statistics or infographics. Portrait framing, aspect 2:3, 1200×1800 (tall print tile), captured from Flat-lay of printed page on a desk, paper curl, soft shadow, natural reading distance. The image has: creased and folded paper with visible fold lines and slightly wrinkled surface. Names, organizations, places, and numbers should use plausible everyday forms. Typography and UI density should match a genuine device capture."
ZH_real_001,ZH_real_001.jpg,real,CHINESE,paper,Culture & Entertainment,
ZH_real_002,ZH_real_002.jpg,real,CHINESE,paper,Culture & Entertainment,
ZH_real_003,ZH_real_003.jpg,real,CHINESE,paper,Politics & Military,
ZH_real_004,ZH_real_004.jpg,real,CHINESE,paper,Politics & Military,
ZH_real_005,ZH_real_005.jpg,real,CHINESE,paper,Society & Livelihood,
NL_fake_001,NL_fake_001.jpg,fake,DUTCH,paper,Culture & Entertainment,"A light mode screenshot of magazine in Dutch, showing: viral quote graphic attributed to a famous entrepreneur about the future of work, shared 1.5K times. UI layout: magazine page: glossy finish look, stylized headline typography, large feature image; pull quotes, sidebar text boxes, page number, magazine name in header/footer; multi-column layout with callout statistics or infographics. Portrait framing, aspect 2:3, 1200×1800 (tall print tile); device frame: Flat-lay of printed page on a desk, paper curl, soft shadow, natural reading distance. Capture condition: clean digital screenshot, no physical artifacts. All text content is in Dutch (Nederlands). Names, organizations, places, and numbers should use plausible everyday forms. Typography and UI density should match a genuine device capture."
NL_fake_002,NL_fake_002.jpg,fake,DUTCH,paper,Culture & Entertainment,"Imagine looking at someone's phone or screen showing court_document in light mode. The screen displays a post in Dutch (Nederlands) about: viral quote graphic attributed to a famous entrepreneur about the future of work, shared 156K times. The interface includes: court document: court name and jurisdiction header, case number; parties listed (Plaintiff v. Defendant), judge name; formal legal text with numbered paragraphs, ruling/judgment section; court seal, clerk signature, filing date stamp. Portrait framing, aspect 3:4, 1200×1600 (document viewer portrait), captured from Single-page A4/letter in viewer or on desk, margins, paragraph blocks, formal layout. The image has: creased and folded paper with visible fold lines and slightly wrinkled surface. Names, organizations, places, and numbers should use plausible everyday forms. Typography and UI density should match a genuine device capture."
NL_fake_003,NL_fake_003.jpg,fake,DUTCH,paper,Politics & Military,"Device capture of a magazine interface displaying the following content in Dutch (Nederlands): military command communiqué announcing a ceasefire agreement effective at 0600 hours along the Oakmont border corridor. The screen shows light mode with these UI elements: magazine page: glossy finish look, stylized headline typography, large feature image; pull quotes, sidebar text boxes, page number, magazine name in header/footer; multi-column layout with callout statistics or infographics. Portrait framing, aspect 2:3, 1200×1800 (tall print tile); framed as Flat-lay of printed page on a desk, paper curl, soft shadow, natural reading distance. Image condition: clean digital screenshot, no physical artifacts. Names, organizations, places, and numbers should use plausible everyday forms. Typography and UI density should match a genuine device capture."
NL_fake_004,NL_fake_004.jpg,fake,DUTCH,paper,Politics & Military,"A photograph of a device screen showing magazine (light mode). The post/page content, written in Dutch (Nederlands), is about: leaked internal memo from Redwood Community Trust discussing personnel changes in senior leadership positions. Visible UI components: magazine page: glossy finish look, stylized headline typography, large feature image; pull quotes, sidebar text boxes, page number, magazine name in header/footer; multi-column layout with callout statistics or infographics. Portrait framing, aspect 3:4, 1200×1600 (document viewer portrait). Device: Single-page A4/letter in viewer or on desk, margins, paragraph blocks, formal layout. Photo characteristics: printed on paper and then photographed, showing paper texture, slight skew, and ambient shadows. Names, organizations, places, and numbers should use plausible everyday forms. Typography and UI density should match a genuine device capture."
NL_fake_005,NL_fake_005.jpg,fake,DUTCH,paper,Society & Livelihood,"A light mode screenshot of newspaper in Dutch, showing: medical prescription from Atlas Infrastructure Partners clinic listing Omeprazole 20mg once daily before breakfast for a patient follow-up visit. UI layout: newspaper front page layout: masthead with newspaper name, date, edition number; multi-column text layout, large headline in bold serif font, subheadlines, byline; black and white or muted-color photos with captions, article continuation markers. Portrait framing, aspect 3:4, 1200×1600 (document viewer portrait); device frame: Single-page A4/letter in viewer or on desk, margins, paragraph blocks, formal layout. Capture condition: printed on paper and then photographed, showing paper texture, slight skew, and ambient shadows. All text content is in Dutch (Nederlands). Names, organizations, places, and numbers should use plausible everyday forms. Typography and UI density should match a genuine device capture."
NL_real_001,NL_real_001.jpg,real,DUTCH,paper,Culture & Entertainment,
NL_real_002,NL_real_002.jpg,real,DUTCH,paper,Culture & Entertainment,
NL_real_003,NL_real_003.jpg,real,DUTCH,paper,Politics & Military,
NL_real_004,NL_real_004.jpg,real,DUTCH,paper,Politics & Military,
NL_real_005,NL_real_005.jpg,real,DUTCH,paper,Society & Livelihood,
EN_fake_001,EN_fake_001.jpg,fake,ENGLISH,paper,Culture & Entertainment,"magazine · light mode · English (English). Content: entertainment industry report on a major streaming platform's content deal worth $150 million with a production studio at Cedarville. UI specification: magazine page: glossy finish look, stylized headline typography, large feature image; pull quotes, sidebar text boxes, page number, magazine name in header/footer; multi-column layout with callout statistics or infographics. Resolution/framing: Portrait framing, aspect 2:3, 1200×1800 (A-series scan). Device context: Single-page A4/letter in viewer or on desk, margins, paragraph blocks, formal layout. Capture artifact: slightly compressed image quality, minor compression artifacts visible at edges. Names, organizations, places, and numbers should use plausible everyday forms. Typography and UI density should match a genuine device capture."
EN_fake_002,EN_fake_002.jpg,fake,ENGLISH,paper,Culture & Entertainment,"A light mode screenshot of newspaper in English, showing: entertainment news post reporting a famous actor's hospitalization at Eastbridge Financial for exhaustion, with management statement. UI layout: newspaper front page layout: masthead with newspaper name, date, edition number; multi-column text layout, large headline in bold serif font, subheadlines, byline; black and white or muted-color photos with captions, article continuation markers. Portrait framing, aspect 3:4, 1200×1600 (print flat scan); device frame: Flat-lay of printed page on a desk, paper curl, soft shadow, natural reading distance. Capture condition: clean digital screenshot, no physical artifacts. All text content is in English (English). Names, organizations, places, and numbers should use plausible everyday forms. Typography and UI density should match a genuine device capture."
EN_fake_003,EN_fake_003.jpg,fake,ENGLISH,paper,Politics & Military,"Device capture of a magazine interface displaying the following content in English (English): a transport authority director's press conference announcing reversal of a major transportation policy affecting Cedarville. The screen shows light mode with these UI elements: magazine page: glossy finish look, stylized headline typography, large feature image; pull quotes, sidebar text boxes, page number, magazine name in header/footer; multi-column layout with callout statistics or infographics. Portrait framing, aspect 3:4, 1200×1600 (document viewer portrait); framed as Single-page A4/letter in viewer or on desk, margins, paragraph blocks, formal layout. Image condition: clean digital screenshot, no physical artifacts. Names, organizations, places, and numbers should use plausible everyday forms. Typography and UI density should match a genuine device capture."
EN_fake_004,EN_fake_004.jpg,fake,ENGLISH,paper,Politics & Military,"newspaper · light mode · English (English). Content: protest rally coverage showing crowd at Westfield County central square with organizers claiming more than 200 attendees. UI specification: newspaper front page layout: masthead with newspaper name, date, edition number; multi-column text layout, large headline in bold serif font, subheadlines, byline; black and white or muted-color photos with captions, article continuation markers. Resolution/framing: Portrait framing, aspect 3:4, 1200×1600 (print flat scan). Device context: Flat-lay of printed page on a desk, paper curl, soft shadow, natural reading distance. Capture artifact: clean digital screenshot, no physical artifacts. Names, organizations, places, and numbers should use plausible everyday forms. Typography and UI density should match a genuine device capture."
EN_fake_005,EN_fake_005.jpg,fake,ENGLISH,paper,Society & Livelihood,"A photograph of a device screen showing newspaper (light mode). The post/page content, written in English (English), is about: weather service hurricane tracking update showing Category 3 storm approaching Northbridge coastline within 48 hours. Visible UI components: newspaper front page layout: masthead with newspaper name, date, edition number; multi-column text layout, large headline in bold serif font, subheadlines, byline; black and white or muted-color photos with captions, article continuation markers. Landscape framing, aspect 4:3, 1600×1200 (print flat landscape). Device: Flat-lay of printed page on a desk, paper curl, soft shadow, natural reading distance. Photo characteristics: wet or coffee-stained document with ring marks and faded text areas. Names, organizations, places, and numbers should use plausible everyday forms. Typography and UI density should match a genuine device capture."
EN_real_001,EN_real_001.jpg,real,ENGLISH,paper,Culture & Entertainment,
EN_real_002,EN_real_002.jpg,real,ENGLISH,paper,Culture & Entertainment,
EN_real_003,EN_real_003.jpg,real,ENGLISH,paper,Politics & Military,
EN_real_004,EN_real_004.jpg,real,ENGLISH,paper,Politics & Military,
EN_real_005,EN_real_005.jpg,real,ENGLISH,paper,Society & Livelihood,
FR_fake_001,FR_fake_001.jpg,fake,FRENCH,paper,Culture & Entertainment,"newspaper · light mode · French (Français). Content: entertainment industry report on a major streaming platform's content deal worth $430 million with a production studio at Millbrook. UI specification: newspaper front page layout: masthead with newspaper name, date, edition number; multi-column text layout, large headline in bold serif font, subheadlines, byline; black and white or muted-color photos with captions, article continuation markers. Resolution/framing: Portrait framing, aspect 3:4, 1200×1600 (print flat scan). Device context: Flat-lay of printed page on a desk, paper curl, soft shadow, natural reading distance. Capture artifact: wet or coffee-stained document with ring marks and faded text areas. Names, organizations, places, and numbers should use plausible everyday forms. Typography and UI density should match a genuine device capture."
FR_fake_002,FR_fake_002.jpg,fake,FRENCH,paper,Culture & Entertainment,"newspaper · light mode · French (Français). Content: entertainment news post reporting a famous actor's hospitalization at Eastbridge Financial for exhaustion, with management statement. UI specification: newspaper front page layout: masthead with newspaper name, date, edition number; multi-column text layout, large headline in bold serif font, subheadlines, byline; black and white or muted-color photos with captions, article continuation markers. Resolution/framing: Landscape framing, aspect 4:3, 1600×1200 (print flat landscape). Device context: Flat-lay of printed page on a desk, paper curl, soft shadow, natural reading distance. Capture artifact: slightly compressed image quality, minor compression artifacts visible at edges. Names, organizations, places, and numbers should use plausible everyday forms. Typography and UI density should match a genuine device capture."
FR_fake_003,FR_fake_003.jpg,fake,FRENCH,paper,Politics & Military,"A photograph of a device screen showing newspaper (light mode). The post/page content, written in French (Français), is about: draft executive order text on data privacy regulations from a finance committee chair's office with implementation date and penalties. Visible UI components: newspaper front page layout: masthead with newspaper name, date, edition number; multi-column text layout, large headline in bold serif font, subheadlines, byline; black and white or muted-color photos with captions, article continuation markers. Portrait framing, aspect 3:4, 1200×1600 (print flat scan). Device: Flat-lay of printed page on a desk, paper curl, soft shadow, natural reading distance. Photo characteristics: photocopied document with reduced contrast, visible copier edge shadows, and slight grain. Names, organizations, places, and numbers should use plausible everyday forms. Typography and UI density should match a genuine device capture."
FR_fake_004,FR_fake_004.jpg,fake,FRENCH,paper,Politics & Military,"Imagine looking at someone's phone or screen showing newspaper in light mode. The screen displays a post in French (Français) about: a labor union leader announcing a new $9.8 billion education reform package for Stonehill, including teacher salary adjustments of 42%. The interface includes: newspaper front page layout: masthead with newspaper name, date, edition number; multi-column text layout, large headline in bold serif font, subheadlines, byline; black and white or muted-color photos with captions, article continuation markers. Landscape framing, aspect 4:3, 1600×1200 (print flat landscape), captured from Flat-lay of printed page on a desk, paper curl, soft shadow, natural reading distance. The image has: clean digital screenshot, no physical artifacts. Names, organizations, places, and numbers should use plausible everyday forms. Typography and UI density should match a genuine device capture."
FR_fake_005,FR_fake_005.jpg,fake,FRENCH,paper,Society & Livelihood,"A photograph of a device screen showing magazine (light mode). The post/page content, written in French (Français), is about: Crescent Valley Hospital clinical trial recruitment notice for a new diabetes treatment, offering $560 million compensation to participants in Ashford. Visible UI components: magazine page: glossy finish look, stylized headline typography, large feature image; pull quotes, sidebar text boxes, page number, magazine name in header/footer; multi-column layout with callout statistics or infographics. Portrait framing, aspect 3:4, 1200×1600 (print flat scan). Device: Flat-lay of printed page on a desk, paper curl, soft shadow, natural reading distance. Photo characteristics: slightly compressed image quality, minor compression artifacts visible at edges. Names, organizations, places, and numbers should use plausible everyday forms. Typography and UI density should match a genuine device capture."
FR_real_001,FR_real_001.jpg,real,FRENCH,paper,Culture & Entertainment,
FR_real_002,FR_real_002.jpg,real,FRENCH,paper,Culture & Entertainment,
FR_real_003,FR_real_003.jpg,real,FRENCH,paper,Politics & Military,
FR_real_004,FR_real_004.jpg,real,FRENCH,paper,Politics & Military,
FR_real_005,FR_real_005.jpg,real,FRENCH,paper,Society & Livelihood,
DE_fake_001,DE_fake_001.jpg,fake,GERMAN,paper,Culture & Entertainment,"Imagine looking at someone's phone or screen showing newspaper in light mode. The screen displays a post in German (Deutsch) about: fan-made tribute post for a legendary musician's anniversary, showing career timeline and 5.4K fan reactions. The interface includes: newspaper front page layout: masthead with newspaper name, date, edition number; multi-column text layout, large headline in bold serif font, subheadlines, byline; black and white or muted-color photos with captions, article continuation markers. Portrait framing, aspect 3:4, 1200×1600 (print flat scan), captured from Flat-lay of printed page on a desk, paper curl, soft shadow, natural reading distance. The image has: photographed from another screen with visible moire pattern and slight reflection glare. Names, organizations, places, and numbers should use plausible everyday forms. Typography and UI density should match a genuine device capture."
DE_fake_002,DE_fake_002.jpg,fake,GERMAN,paper,Culture & Entertainment,"A light mode screenshot of newspaper in German, showing: fan-made tribute post for a legendary musician's anniversary, showing career timeline and 47 fan reactions. UI layout: newspaper front page layout: masthead with newspaper name, date, edition number; multi-column text layout, large headline in bold serif font, subheadlines, byline; black and white or muted-color photos with captions, article continuation markers. Landscape framing, aspect 4:3, 1600×1200 (landscape form scan); device frame: Single-page A4/letter in viewer or on desk, margins, paragraph blocks, formal layout. Capture condition: slightly compressed image quality, minor compression artifacts visible at edges. All text content is in German (Deutsch). Names, organizations, places, and numbers should use plausible everyday forms. Typography and UI density should match a genuine device capture."
DE_fake_003,DE_fake_003.jpg,fake,GERMAN,paper,Politics & Military,"A light mode screenshot of magazine in German, showing: leaked internal memo from Atlas Infrastructure Partners discussing personnel changes in senior leadership positions. UI layout: magazine page: glossy finish look, stylized headline typography, large feature image; pull quotes, sidebar text boxes, page number, magazine name in header/footer; multi-column layout with callout statistics or infographics. Portrait framing, aspect 2:3, 1200×1800 (A-series scan); device frame: Single-page A4/letter in viewer or on desk, margins, paragraph blocks, formal layout. Capture condition: clean digital screenshot, no physical artifacts. All text content is in German (Deutsch). Names, organizations, places, and numbers should use plausible everyday forms. Typography and UI density should match a genuine device capture."
DE_fake_004,DE_fake_004.jpg,fake,GERMAN,paper,Politics & Military,"Device capture of a newspaper interface displaying the following content in German (Deutsch): protest rally coverage showing crowd at Oakmont central square with organizers claiming at least 78 attendees. The screen shows light mode with these UI elements: newspaper front page layout: masthead with newspaper name, date, edition number; multi-column text layout, large headline in bold serif font, subheadlines, byline; black and white or muted-color photos with captions, article continuation markers. Portrait framing, aspect 3:4, 1200×1600 (document viewer portrait); framed as Single-page A4/letter in viewer or on desk, margins, paragraph blocks, formal layout. Image condition: slightly compressed image quality, minor compression artifacts visible at edges. Names, organizations, places, and numbers should use plausible everyday forms. Typography and UI density should match a genuine device capture."
DE_fake_005,DE_fake_005.jpg,fake,GERMAN,paper,Society & Livelihood,"Imagine looking at someone's phone or screen showing magazine in light mode. The screen displays a post in German (Deutsch) about: health authority advisory on seasonal flu vaccination side effects, with 42% of recipients reporting mild symptoms. The interface includes: magazine page: glossy finish look, stylized headline typography, large feature image; pull quotes, sidebar text boxes, page number, magazine name in header/footer; multi-column layout with callout statistics or infographics. Portrait framing, aspect 3:4, 1200×1600 (document viewer portrait), captured from Single-page A4/letter in viewer or on desk, margins, paragraph blocks, formal layout. The image has: creased and folded paper with visible fold lines and slightly wrinkled surface. Names, organizations, places, and numbers should use plausible everyday forms. Typography and UI density should match a genuine device capture."
DE_real_001,DE_real_001.jpg,real,GERMAN,paper,Culture & Entertainment,
DE_real_002,DE_real_002.jpg,real,GERMAN,paper,Culture & Entertainment,
DE_real_003,DE_real_003.jpg,real,GERMAN,paper,Politics & Military,
DE_real_004,DE_real_004.jpg,real,GERMAN,paper,Politics & Military,
DE_real_005,DE_real_005.jpg,real,GERMAN,paper,Society & Livelihood,
HE_fake_001,HE_fake_001.jpg,fake,HEBREW,screen,Culture & Entertainment,"Device capture of a YouTube interface displaying the following content in Hebrew (עברית): viral quote graphic attributed to a famous entrepreneur about the future of work, shared 47 times. The screen shows dark mode with these UI elements: video player area with progress bar, timestamp overlay; video title in bold below player, view count, upload date; channel name with avatar, subscriber count, Subscribe button; thumbs up/down counts, Share button, comment section. Portrait framing, aspect 9:16, 750×1334 (iPhone SE (3rd) class); framed as iPhone screenshot: iOS status bar (cellular, WiFi, battery, time) and typical rounded display corners. Image condition: photographed from another screen with visible moire pattern and slight reflection glare. Names, organizations, places, and numbers should use plausible everyday forms. Typography and UI density should match a genuine device capture."
HE_fake_002,HE_fake_002.jpg,fake,HEBREW,screen,Culture & Entertainment,"Imagine looking at someone's phone or screen showing Instagram in light mode. The screen displays a post in Hebrew (עברית) about: entertainment news post reporting a famous actor's hospitalization at Greenfield Biotech for exhaustion, with management statement. The interface includes: user avatar, username, three-dot menu, verified badge; full-width image post or carousel dots; heart, comment, share (paper plane), bookmark icons below image; likes count, caption with username prefix, 'View all N comments', timestamp. Portrait framing, aspect 9:16, 750×1334 (iPhone SE (3rd) class), captured from iPhone screenshot: iOS status bar (cellular, WiFi, battery, time) and typical rounded display corners. The image has: clean capture but with slight resolution downgrade suggesting re-upload or forwarding. Names, organizations, places, and numbers should use plausible everyday forms. Typography and UI density should match a genuine device capture."
HE_fake_003,HE_fake_003.jpg,fake,HEBREW,paper,Politics & Military,"A photograph of a device screen showing newspaper (light mode). The post/page content, written in Hebrew (עברית), is about: a party spokesperson announcing a new $150 million education reform package for Oakmont, including teacher salary adjustments of 5.8%. Visible UI components: newspaper front page layout: masthead with newspaper name, date, edition number; multi-column text layout, large headline in bold serif font, subheadlines, byline; black and white or muted-color photos with captions, article continuation markers. Portrait framing, aspect 3:4, 1200×1600 (print flat scan). Device: Flat-lay of printed page on a desk, paper curl, soft shadow, natural reading distance. Photo characteristics: printed on paper and then photographed, showing paper texture, slight skew, and ambient shadows. Names, organizations, places, and numbers should use plausible everyday forms. Typography and UI density should match a genuine device capture."
HE_fake_004,HE_fake_004.jpg,fake,HEBREW,paper,Politics & Military,"A light mode screenshot of magazine in Hebrew, showing: a transport authority director's press conference announcing reversal of a major transportation policy affecting Northbridge. UI layout: magazine page: glossy finish look, stylized headline typography, large feature image; pull quotes, sidebar text boxes, page number, magazine name in header/footer; multi-column layout with callout statistics or infographics. Portrait framing, aspect 3:4, 1200×1600 (print flat scan); device frame: Flat-lay of printed page on a desk, paper curl, soft shadow, natural reading distance. Capture condition: slightly compressed image quality, minor compression artifacts visible at edges. All text content is in Hebrew (עברית). Names, organizations, places, and numbers should use plausible everyday forms. Typography and UI density should match a genuine device capture."
HE_fake_005,HE_fake_005.jpg,fake,HEBREW,paper,Society & Livelihood,"Imagine looking at someone's phone or screen showing newspaper in light mode. The screen displays a post in Hebrew (עברית) about: industrial safety board report on a chemical plant incident at Silverline Logistics facility in Harborview, with approximately 150 workers hospitalized. The interface includes: newspaper front page layout: masthead with newspaper name, date, edition number; multi-column text layout, large headline in bold serif font, subheadlines, byline; black and white or muted-color photos with captions, article continuation markers. Portrait framing, aspect 3:4, 1200×1600 (print flat scan), captured from Flat-lay of printed page on a desk, paper curl, soft shadow, natural reading distance. The image has: photocopied document with reduced contrast, visible copier edge shadows, and slight grain. Names, organizations, places, and numbers should use plausible everyday forms. Typography and UI density should match a genuine device capture."
HE_real_001,HE_real_001.jpg,real,HEBREW,screen,Culture & Entertainment,
HE_real_002,HE_real_002.jpg,real,HEBREW,screen,Culture & Entertainment,
HE_real_003,HE_real_003.jpg,real,HEBREW,screen,Politics & Military,
HE_real_004,HE_real_004.jpg,real,HEBREW,screen,Politics & Military,
HE_real_005,HE_real_005.jpg,real,HEBREW,screen,Society & Livelihood,
HI_fake_001,HI_fake_001.jpg,fake,HINDI,paper,Culture & Entertainment,"Imagine looking at someone's phone or screen showing magazine in light mode. The screen displays a post in Hindi (हिन्दी) about: tabloid-style report on a public figure's real estate purchase in Oakmont for $150 million, with property photos. The interface includes: magazine page: glossy finish look, stylized headline typography, large feature image; pull quotes, sidebar text boxes, page number, magazine name in header/footer; multi-column layout with callout statistics or infographics. Portrait framing, aspect 3:4, 1200×1600 (document viewer portrait), captured from Single-page A4/letter in viewer or on desk, margins, paragraph blocks, formal layout. The image has: photocopied document with reduced contrast, visible copier edge shadows, and slight grain. Names, organizations, places, and numbers should use plausible everyday forms. Typography and UI density should match a genuine device capture."
HI_fake_002,HI_fake_002.jpg,fake,HINDI,paper,Culture & Entertainment,"newspaper · light mode · Hindi (हिन्दी). Content: tabloid-style report on a public figure's real estate purchase in Oakmont for $1.2 billion, with property photos. UI specification: newspaper front page layout: masthead with newspaper name, date, edition number; multi-column text layout, large headline in bold serif font, subheadlines, byline; black and white or muted-color photos with captions, article continuation markers. Resolution/framing: Landscape framing, aspect 4:3, 1600×1200 (print flat landscape). Device context: Flat-lay of printed page on a desk, paper curl, soft shadow, natural reading distance. Capture artifact: printed on paper and then photographed, showing paper texture, slight skew, and ambient shadows. Names, organizations, places, and numbers should use plausible everyday forms. Typography and UI density should match a genuine device capture."
HI_fake_003,HI_fake_003.jpg,fake,HINDI,paper,Politics & Military,"newspaper · light mode · Hindi (हिन्दी). Content: leaked internal memo from Pinnacle Education Foundation discussing personnel changes in senior leadership positions. UI specification: newspaper front page layout: masthead with newspaper name, date, edition number; multi-column text layout, large headline in bold serif font, subheadlines, byline; black and white or muted-color photos with captions, article continuation markers. Resolution/framing: Landscape framing, aspect 4:3, 1600×1200 (landscape form scan). Device context: Single-page A4/letter in viewer or on desk, margins, paragraph blocks, formal layout. Capture artifact: newspaper clipping that has been scanned, with yellowed edges and slight ink smudges. Names, organizations, places, and numbers should use plausible everyday forms. Typography and UI density should match a genuine device capture."
HI_fake_004,HI_fake_004.jpg,fake,HINDI,paper,Politics & Military,"magazine · light mode · Hindi (हिन्दी). Content: military command communiqué announcing a ceasefire agreement effective at 0600 hours along the Maplewood Township border corridor. UI specification: magazine page: glossy finish look, stylized headline typography, large feature image; pull quotes, sidebar text boxes, page number, magazine name in header/footer; multi-column layout with callout statistics or infographics. Resolution/framing: Portrait framing, aspect 3:4, 1200×1600 (document viewer portrait). Device context: Single-page A4/letter in viewer or on desk, margins, paragraph blocks, formal layout. Capture artifact: clean digital screenshot, no physical artifacts. Names, organizations, places, and numbers should use plausible everyday forms. Typography and UI density should match a genuine device capture."
HI_fake_005,HI_fake_005.jpg,fake,HINDI,paper,Society & Livelihood,"magazine · light mode · Hindi (हिन्दी). Content: health authority advisory on seasonal flu vaccination side effects, with 28% of recipients reporting mild symptoms. UI specification: magazine page: glossy finish look, stylized headline typography, large feature image; pull quotes, sidebar text boxes, page number, magazine name in header/footer; multi-column layout with callout statistics or infographics. Resolution/framing: Portrait framing, aspect 2:3, 1200×1800 (tall print tile). Device context: Flat-lay of printed page on a desk, paper curl, soft shadow, natural reading distance. Capture artifact: clean digital screenshot, no physical artifacts. Names, organizations, places, and numbers should use plausible everyday forms. Typography and UI density should match a genuine device capture."
HI_real_001,HI_real_001.jpg,real,HINDI,paper,Culture & Entertainment,
HI_real_002,HI_real_002.jpg,real,HINDI,paper,Culture & Entertainment,
HI_real_003,HI_real_003.jpg,real,HINDI,paper,Politics & Military,
HI_real_004,HI_real_004.jpg,real,HINDI,paper,Politics & Military,
HI_real_005,HI_real_005.jpg,real,HINDI,paper,Society & Livelihood,
ID_fake_001,ID_fake_001.jpg,fake,INDONESIAN,paper,Culture & Entertainment,"A photograph of a device screen showing newspaper (light mode). The post/page content, written in Indonesian (Bahasa Indonesia), is about: entertainment news post reporting a famous actor's hospitalization at Suncrest Pharmaceuticals for exhaustion, with management statement. Visible UI components: newspaper front page layout: masthead with newspaper name, date, edition number; multi-column text layout, large headline in bold serif font, subheadlines, byline; black and white or muted-color photos with captions, article continuation markers. Portrait framing, aspect 3:4, 1200×1600 (print flat scan). Device: Flat-lay of printed page on a desk, paper curl, soft shadow, natural reading distance. Photo characteristics: printed on paper and then photographed, showing paper texture, slight skew, and ambient shadows. Names, organizations, places, and numbers should use plausible everyday forms. Typography and UI density should match a genuine device capture."
ID_fake_002,ID_fake_002.jpg,fake,INDONESIAN,screen,Culture & Entertainment,"A dark mode screenshot of Telegram in Indonesian, showing: viral quote graphic attributed to a famous entrepreneur about the future of work, shared 156K times. UI layout: channel header: channel name, subscriber count, admin badge; message bubbles with rounded corners, view count, forward arrow; link previews with thumbnail, reply-to quote block; bottom input bar or channel read-only footer. Portrait framing, aspect 9:19.5, 1200×2670 (Xiaomi 14 class); device frame: Xiaomi phone screenshot: MIUI/HyperOS status bar, punch-hole camera, gesture or three-button nav. Capture condition: photographed from a TV or monitor screen at an angle, with visible pixel grid and slight color shift. All text content is in Indonesian (Bahasa Indonesia). Names, organizations, places, and numbers should use plausible everyday forms. Typography and UI density should match a genuine device capture."
ID_fake_003,ID_fake_003.jpg,fake,INDONESIAN,paper,Politics & Military,"magazine · light mode · Indonesian (Bahasa Indonesia). Content: a state governor announcing a new $430 million education reform package for Ashford, including teacher salary adjustments of 31%. UI specification: magazine page: glossy finish look, stylized headline typography, large feature image; pull quotes, sidebar text boxes, page number, magazine name in header/footer; multi-column layout with callout statistics or infographics. Resolution/framing: Portrait framing, aspect 2:3, 1200×1800 (A-series scan). Device context: Single-page A4/letter in viewer or on desk, margins, paragraph blocks, formal layout. Capture artifact: slightly compressed image quality, minor compression artifacts visible at edges. Names, organizations, places, and numbers should use plausible everyday forms. Typography and UI density should match a genuine device capture."
ID_fake_004,ID_fake_004.jpg,fake,INDONESIAN,paper,Politics & Military,"A photograph of a device screen showing magazine (light mode). The post/page content, written in Indonesian (Bahasa Indonesia), is about: a health minister's open letter criticizing the current water supply management in Cedarville, citing 42% waste rate. Visible UI components: magazine page: glossy finish look, stylized headline typography, large feature image; pull quotes, sidebar text boxes, page number, magazine name in header/footer; multi-column layout with callout statistics or infographics. Portrait framing, aspect 2:3, 1200×1800 (tall print tile). Device: Flat-lay of printed page on a desk, paper curl, soft shadow, natural reading distance. Photo characteristics: clean digital screenshot, no physical artifacts. Names, organizations, places, and numbers should use plausible everyday forms. Typography and UI density should match a genuine device capture."
ID_fake_005,ID_fake_005.jpg,fake,INDONESIAN,paper,Society & Livelihood,"Device capture of a newspaper interface displaying the following content in Indonesian (Bahasa Indonesia): emergency management office evacuation order for zones A through D in Lakeshore District due to approaching wildfire. The screen shows light mode with these UI elements: newspaper front page layout: masthead with newspaper name, date, edition number; multi-column text layout, large headline in bold serif font, subheadlines, byline; black and white or muted-color photos with captions, article continuation markers. Landscape framing, aspect 4:3, 1600×1200 (landscape form scan); framed as Single-page A4/letter in viewer or on desk, margins, paragraph blocks, formal layout. Image condition: wet or coffee-stained document with ring marks and faded text areas. Names, organizations, places, and numbers should use plausible everyday forms. Typography and UI density should match a genuine device capture."
ID_real_001,ID_real_001.jpg,real,INDONESIAN,paper,Culture & Entertainment,
ID_real_002,ID_real_002.jpg,real,INDONESIAN,paper,Culture & Entertainment,
ID_real_003,ID_real_003.jpg,real,INDONESIAN,paper,Politics & Military,
ID_real_004,ID_real_004.jpg,real,INDONESIAN,paper,Politics & Military,
ID_real_005,ID_real_005.jpg,real,INDONESIAN,paper,Society & Livelihood,
IT_fake_001,IT_fake_001.jpg,fake,ITALIAN,paper,Culture & Entertainment,"A light mode screenshot of newspaper in Italian, showing: product endorsement post by a well-known athlete promoting Coastal Energy Solutions's new fitness supplement with personal usage story. UI layout: newspaper front page layout: masthead with newspaper name, date, edition number; multi-column text layout, large headline in bold serif font, subheadlines, byline; black and white or muted-color photos with captions, article continuation markers. Landscape framing, aspect 4:3, 1600×1200 (landscape form scan); device frame: Single-page A4/letter in viewer or on desk, margins, paragraph blocks, formal layout. Capture condition: slightly compressed image quality, minor compression artifacts visible at edges. All text content is in Italian (Italiano). Names, organizations, places, and numbers should use plausible everyday forms. Typography and UI density should match a genuine device capture."
IT_fake_002,IT_fake_002.jpg,fake,ITALIAN,paper,Culture & Entertainment,"A light mode screenshot of newspaper in Italian, showing: product endorsement post by a well-known athlete promoting Northern Star Media's new fitness supplement with personal usage story. UI layout: newspaper front page layout: masthead with newspaper name, date, edition number; multi-column text layout, large headline in bold serif font, subheadlines, byline; black and white or muted-color photos with captions, article continuation markers. Landscape framing, aspect 4:3, 1600×1200 (landscape form scan); device frame: Single-page A4/letter in viewer or on desk, margins, paragraph blocks, formal layout. Capture condition: photocopied document with reduced contrast, visible copier edge shadows, and slight grain. All text content is in Italian (Italiano). Names, organizations, places, and numbers should use plausible everyday forms. Typography and UI density should match a genuine device capture."
IT_fake_003,IT_fake_003.jpg,fake,ITALIAN,paper,Politics & Military,"A light mode screenshot of newspaper in Italian, showing: a health minister announcing a new $2.1 billion education reform package for Palm Ridge, including teacher salary adjustments of 67%. UI layout: newspaper front page layout: masthead with newspaper name, date, edition number; multi-column text layout, large headline in bold serif font, subheadlines, byline; black and white or muted-color photos with captions, article continuation markers. Landscape framing, aspect 4:3, 1600×1200 (print flat landscape); device frame: Flat-lay of printed page on a desk, paper curl, soft shadow, natural reading distance. Capture condition: wet or coffee-stained document with ring marks and faded text areas. All text content is in Italian (Italiano). Names, organizations, places, and numbers should use plausible everyday forms. Typography and UI density should match a genuine device capture."
IT_fake_004,IT_fake_004.jpg,fake,ITALIAN,paper,Politics & Military,"A photograph of a device screen showing magazine (light mode). The post/page content, written in Italian (Italiano), is about: a cabinet secretary announcing a new $275 million education reform package for Maplewood Township, including teacher salary adjustments of 23%. Visible UI components: magazine page: glossy finish look, stylized headline typography, large feature image; pull quotes, sidebar text boxes, page number, magazine name in header/footer; multi-column layout with callout statistics or infographics. Portrait framing, aspect 2:3, 1200×1800 (A-series scan). Device: Single-page A4/letter in viewer or on desk, margins, paragraph blocks, formal layout. Photo characteristics: creased and folded paper with visible fold lines and slightly wrinkled surface. Names, organizations, places, and numbers should use plausible everyday forms. Typography and UI density should match a genuine device capture."
IT_fake_005,IT_fake_005.jpg,fake,ITALIAN,paper,Society & Livelihood,"A photograph of a device screen showing magazine (light mode). The post/page content, written in Italian (Italiano), is about: pharmaceutical advertisement for a new supplement by Horizon Capital Management claiming 42% improvement in joint health within 30 days. Visible UI components: magazine page: glossy finish look, stylized headline typography, large feature image; pull quotes, sidebar text boxes, page number, magazine name in header/footer; multi-column layout with callout statistics or infographics. Portrait framing, aspect 3:4, 1200×1600 (print flat scan). Device: Flat-lay of printed page on a desk, paper curl, soft shadow, natural reading distance. Photo characteristics: slightly compressed image quality, minor compression artifacts visible at edges. Names, organizations, places, and numbers should use plausible everyday forms. Typography and UI density should match a genuine device capture."
IT_real_001,IT_real_001.jpg,real,ITALIAN,paper,Culture & Entertainment,
IT_real_002,IT_real_002.jpg,real,ITALIAN,paper,Culture & Entertainment,
IT_real_003,IT_real_003.jpg,real,ITALIAN,paper,Politics & Military,
IT_real_004,IT_real_004.jpg,real,ITALIAN,paper,Politics & Military,
IT_real_005,IT_real_005.jpg,real,ITALIAN,paper,Society & Livelihood,
JA_fake_001,JA_fake_001.jpg,fake,JAPANESE,paper,Culture & Entertainment,"Imagine looking at someone's phone or screen showing magazine in light mode. The screen displays a post in Japanese (日本語) about: product endorsement post by a well-known athlete promoting Meridian Health Group's new fitness supplement with personal usage story. The interface includes: magazine page: glossy finish look, stylized headline typography, large feature image; pull quotes, sidebar text boxes, page number, magazine name in header/footer; multi-column layout with callout statistics or infographics. Portrait framing, aspect 2:3, 1200×1800 (tall print tile), captured from Flat-lay of printed page on a desk, paper curl, soft shadow, natural reading distance. The image has: newspaper clipping that has been scanned, with yellowed edges and slight ink smudges. Names, organizations, places, and numbers should use plausible everyday forms. Typography and UI density should match a genuine device capture."
JA_fake_002,JA_fake_002.jpg,fake,JAPANESE,paper,Culture & Entertainment,"Imagine looking at someone's phone or screen showing magazine in light mode. The screen displays a post in Japanese (日本語) about: entertainment news post reporting a famous actor's hospitalization at Silverline Logistics for exhaustion, with management statement. The interface includes: magazine page: glossy finish look, stylized headline typography, large feature image; pull quotes, sidebar text boxes, page number, magazine name in header/footer; multi-column layout with callout statistics or infographics. Portrait framing, aspect 2:3, 1200×1800 (A-series scan), captured from Single-page A4/letter in viewer or on desk, margins, paragraph blocks, formal layout. The image has: clean digital screenshot, no physical artifacts. Names, organizations, places, and numbers should use plausible everyday forms. Typography and UI density should match a genuine device capture."
JA_fake_003,JA_fake_003.jpg,fake,JAPANESE,paper,Politics & Military,"A light mode screenshot of newspaper in Japanese, showing: a central bank deputy governor's social media post announcing a new $2.1 billion infrastructure investment plan with a 12% budget increase for Silverton. UI layout: newspaper front page layout: masthead with newspaper name, date, edition number; multi-column text layout, large headline in bold serif font, subheadlines, byline; black and white or muted-color photos with captions, article continuation markers. Portrait framing, aspect 3:4, 1200×1600 (document viewer portrait); device frame: Single-page A4/letter in viewer or on desk, margins, paragraph blocks, formal layout. Capture condition: newspaper clipping that has been scanned, with yellowed edges and slight ink smudges. All text content is in Japanese (日本語). Names, organizations, places, and numbers should use plausible everyday forms. Typography and UI density should match a genuine device capture."
JA_fake_004,JA_fake_004.jpg,fake,JAPANESE,paper,Politics & Military,"Device capture of a magazine interface displaying the following content in Japanese (日本語): leaked internal memo from Pacific Development Corp discussing personnel changes in senior leadership positions. The screen shows light mode with these UI elements: magazine page: glossy finish look, stylized headline typography, large feature image; pull quotes, sidebar text boxes, page number, magazine name in header/footer; multi-column layout with callout statistics or infographics. Portrait framing, aspect 3:4, 1200×1600 (document viewer portrait); framed as Single-page A4/letter in viewer or on desk, margins, paragraph blocks, formal layout. Image condition: clean digital screenshot, no physical artifacts. Names, organizations, places, and numbers should use plausible everyday forms. Typography and UI density should match a genuine device capture."
JA_fake_005,JA_fake_005.jpg,fake,JAPANESE,paper,Society & Livelihood,"Imagine looking at someone's phone or screen showing newspaper in light mode. The screen displays a post in Japanese (日本語) about: seismological bureau alert reporting a magnitude 6.2 earthquake approximately 35 km from Maplewood Township with tsunami advisory. The interface includes: newspaper front page layout: masthead with newspaper name, date, edition number; multi-column text layout, large headline in bold serif font, subheadlines, byline; black and white or muted-color photos with captions, article continuation markers. Landscape framing, aspect 4:3, 1600×1200 (landscape form scan), captured from Single-page A4/letter in viewer or on desk, margins, paragraph blocks, formal layout. The image has: creased and folded paper with visible fold lines and slightly wrinkled surface. Names, organizations, places, and numbers should use plausible everyday forms. Typography and UI density should match a genuine device capture."
JA_real_001,JA_real_001.jpg,real,JAPANESE,paper,Culture & Entertainment,
JA_real_002,JA_real_002.jpg,real,JAPANESE,paper,Culture & Entertainment,
JA_real_003,JA_real_003.jpg,real,JAPANESE,paper,Politics & Military,
JA_real_004,JA_real_004.jpg,real,JAPANESE,paper,Politics & Military,
JA_real_005,JA_real_005.jpg,real,JAPANESE,paper,Society & Livelihood,
KO_fake_001,KO_fake_001.jpg,fake,KOREAN,paper,Culture & Entertainment,"A photograph of a device screen showing magazine (light mode). The post/page content, written in Korean (한국어), is about: viral quote graphic attributed to a famous entrepreneur about the future of work, shared 8.7K times. Visible UI components: magazine page: glossy finish look, stylized headline typography, large feature image; pull quotes, sidebar text boxes, page number, magazine name in header/footer; multi-column layout with callout statistics or infographics. Portrait framing, aspect 2:3, 1200×1800 (A-series scan). Device: Single-page A4/letter in viewer or on desk, margins, paragraph blocks, formal layout. Photo characteristics: newspaper clipping that has been scanned, with yellowed edges and slight ink smudges. Names, organizations, places, and numbers should use plausible everyday forms. Typography and UI density should match a genuine device capture."
KO_fake_002,KO_fake_002.jpg,fake,KOREAN,paper,Culture & Entertainment,"A light mode screenshot of newspaper in Korean, showing: product endorsement post by a well-known athlete promoting Coastal Energy Solutions's new fitness supplement with personal usage story. UI layout: newspaper front page layout: masthead with newspaper name, date, edition number; multi-column text layout, large headline in bold serif font, subheadlines, byline; black and white or muted-color photos with captions, article continuation markers. Landscape framing, aspect 4:3, 1600×1200 (landscape form scan); device frame: Single-page A4/letter in viewer or on desk, margins, paragraph blocks, formal layout. Capture condition: creased and folded paper with visible fold lines and slightly wrinkled surface. All text content is in Korean (한국어). Names, organizations, places, and numbers should use plausible everyday forms. Typography and UI density should match a genuine device capture."
KO_fake_003,KO_fake_003.jpg,fake,KOREAN,paper,Politics & Military,"Device capture of a newspaper interface displaying the following content in Korean (한국어): a city mayor announcing a new $820 million education reform package for Northbridge, including teacher salary adjustments of 11%. The screen shows light mode with these UI elements: newspaper front page layout: masthead with newspaper name, date, edition number; multi-column text layout, large headline in bold serif font, subheadlines, byline; black and white or muted-color photos with captions, article continuation markers. Landscape framing, aspect 4:3, 1600×1200 (print flat landscape); framed as Flat-lay of printed page on a desk, paper curl, soft shadow, natural reading distance. Image condition: slightly compressed image quality, minor compression artifacts visible at edges. Names, organizations, places, and numbers should use plausible everyday forms. Typography and UI density should match a genuine device capture."
KO_fake_004,KO_fake_004.jpg,fake,KOREAN,paper,Politics & Military,"A light mode screenshot of magazine in Korean, showing: a provincial governor announcing a new $9.8 billion education reform package for Riverside Province, including teacher salary adjustments of 3.2%. UI layout: magazine page: glossy finish look, stylized headline typography, large feature image; pull quotes, sidebar text boxes, page number, magazine name in header/footer; multi-column layout with callout statistics or infographics. Portrait framing, aspect 3:4, 1200×1600 (document viewer portrait); device frame: Single-page A4/letter in viewer or on desk, margins, paragraph blocks, formal layout. Capture condition: creased and folded paper with visible fold lines and slightly wrinkled surface. All text content is in Korean (한국어). Names, organizations, places, and numbers should use plausible everyday forms. Typography and UI density should match a genuine device capture."
KO_fake_005,KO_fake_005.jpg,fake,KOREAN,paper,Society & Livelihood,"Device capture of a magazine interface displaying the following content in Korean (한국어): seismological bureau alert reporting a magnitude 7.1 earthquake approximately 150 km from Clearwater Bay with tsunami advisory. The screen shows light mode with these UI elements: magazine page: glossy finish look, stylized headline typography, large feature image; pull quotes, sidebar text boxes, page number, magazine name in header/footer; multi-column layout with callout statistics or infographics. Portrait framing, aspect 3:4, 1200×1600 (print flat scan); framed as Flat-lay of printed page on a desk, paper curl, soft shadow, natural reading distance. Image condition: slightly compressed image quality, minor compression artifacts visible at edges. Names, organizations, places, and numbers should use plausible everyday forms. Typography and UI density should match a genuine device capture."
KO_real_001,KO_real_001.jpg,real,KOREAN,paper,Culture & Entertainment,
KO_real_002,KO_real_002.jpg,real,KOREAN,paper,Culture & Entertainment,
KO_real_003,KO_real_003.jpg,real,KOREAN,paper,Politics & Military,
KO_real_004,KO_real_004.jpg,real,KOREAN,paper,Politics & Military,
KO_real_005,KO_real_005.jpg,real,KOREAN,paper,Society & Livelihood,
MR_fake_001,MR_fake_001.jpg,fake,MARATHI,paper,Culture & Entertainment,"A light mode screenshot of magazine in Marathi, showing: fan-made tribute post for a legendary musician's anniversary, showing career timeline and 5.4K fan reactions. UI layout: magazine page: glossy finish look, stylized headline typography, large feature image; pull quotes, sidebar text boxes, page number, magazine name in header/footer; multi-column layout with callout statistics or infographics. Portrait framing, aspect 3:4, 1200×1600 (document viewer portrait); device frame: Single-page A4/letter in viewer or on desk, margins, paragraph blocks, formal layout. Capture condition: clean digital screenshot, no physical artifacts. All text content is in Marathi (मराठी). Names, organizations, places, and numbers should use plausible everyday forms. Typography and UI density should match a genuine device capture."
MR_fake_002,MR_fake_002.jpg,fake,MARATHI,paper,Culture & Entertainment,"A light mode screenshot of magazine in Marathi, showing: tabloid-style report on a public figure's real estate purchase in Maplewood Township for $350 million, with property photos. UI layout: magazine page: glossy finish look, stylized headline typography, large feature image; pull quotes, sidebar text boxes, page number, magazine name in header/footer; multi-column layout with callout statistics or infographics. Portrait framing, aspect 3:4, 1200×1600 (document viewer portrait); device frame: Single-page A4/letter in viewer or on desk, margins, paragraph blocks, formal layout. Capture condition: newspaper clipping that has been scanned, with yellowed edges and slight ink smudges. All text content is in Marathi (मराठी). Names, organizations, places, and numbers should use plausible everyday forms. Typography and UI density should match a genuine device capture."
MR_fake_003,MR_fake_003.jpg,fake,MARATHI,paper,Politics & Military,"A light mode screenshot of newspaper in Marathi, showing: a senator announcing a new $150 million education reform package for Oakmont, including teacher salary adjustments of 76%. UI layout: newspaper front page layout: masthead with newspaper name, date, edition number; multi-column text layout, large headline in bold serif font, subheadlines, byline; black and white or muted-color photos with captions, article continuation markers. Landscape framing, aspect 4:3, 1600×1200 (print flat landscape); device frame: Flat-lay of printed page on a desk, paper curl, soft shadow, natural reading distance. Capture condition: printed on paper and then photographed, showing paper texture, slight skew, and ambient shadows. All text content is in Marathi (मराठी). Names, organizations, places, and numbers should use plausible everyday forms. Typography and UI density should match a genuine device capture."
MR_fake_004,MR_fake_004.jpg,fake,MARATHI,paper,Politics & Military,"A light mode screenshot of magazine in Marathi, showing: leaked internal memo from Coastal Energy Solutions discussing personnel changes in senior leadership positions. UI layout: magazine page: glossy finish look, stylized headline typography, large feature image; pull quotes, sidebar text boxes, page number, magazine name in header/footer; multi-column layout with callout statistics or infographics. Portrait framing, aspect 3:4, 1200×1600 (document viewer portrait); device frame: Single-page A4/letter in viewer or on desk, margins, paragraph blocks, formal layout. Capture condition: clean digital screenshot, no physical artifacts. All text content is in Marathi (मराठी). Names, organizations, places, and numbers should use plausible everyday forms. Typography and UI density should match a genuine device capture."
MR_fake_005,MR_fake_005.jpg,fake,MARATHI,paper,Society & Livelihood,"A photograph of a device screen showing newspaper (light mode). The post/page content, written in Marathi (मराठी), is about: weather service hurricane tracking update showing Category 3 storm approaching Cedarville coastline within 48 hours. Visible UI components: newspaper front page layout: masthead with newspaper name, date, edition number; multi-column text layout, large headline in bold serif font, subheadlines, byline; black and white or muted-color photos with captions, article continuation markers. Portrait framing, aspect 3:4, 1200×1600 (print flat scan). Device: Flat-lay of printed page on a desk, paper curl, soft shadow, natural reading distance. Photo characteristics: slightly compressed image quality, minor compression artifacts visible at edges. Names, organizations, places, and numbers should use plausible everyday forms. Typography and UI density should match a genuine device capture."
MR_real_001,MR_real_001.jpg,real,MARATHI,screen,Culture & Entertainment,
MR_real_002,MR_real_002.jpg,real,MARATHI,screen,Culture & Entertainment,
MR_real_003,MR_real_003.jpg,real,MARATHI,screen,Politics & Military,
MR_real_004,MR_real_004.jpg,real,MARATHI,screen,Politics & Military,
MR_real_005,MR_real_005.jpg,real,MARATHI,screen,Society & Livelihood,
FA_fake_001,FA_fake_001.jpg,fake,PERSIAN,paper,Culture & Entertainment,"Device capture of a magazine interface displaying the following content in Persian (فارسی): tabloid-style report on a public figure's real estate purchase in Lakeshore District for $275 million, with property photos. The screen shows light mode with these UI elements: magazine page: glossy finish look, stylized headline typography, large feature image; pull quotes, sidebar text boxes, page number, magazine name in header/footer; multi-column layout with callout statistics or infographics. Portrait framing, aspect 2:3, 1200×1800 (tall print tile); framed as Flat-lay of printed page on a desk, paper curl, soft shadow, natural reading distance. Image condition: photographed from another screen with visible moire pattern and slight reflection glare. Names, organizations, places, and numbers should use plausible everyday forms. Typography and UI density should match a genuine device capture."
FA_fake_002,FA_fake_002.jpg,fake,PERSIAN,paper,Culture & Entertainment,"Imagine looking at someone's phone or screen showing billboard_sign in light mode. The screen displays a post in Persian (فارسی) about: entertainment news post reporting a famous actor's hospitalization at Pinnacle Education Foundation for exhaustion, with management statement. The interface includes: outdoor billboard or signage: large bold text, brand colors, product/event imagery; contact info, website URL, QR code, directional elements; surrounding environment visible (street, building edge, sky). Landscape framing, aspect 16:9, 3840×2160 (4K UHD), captured from Desktop Chrome: tabs, address bar, bookmarks bar, close/maximize controls. The image has: slightly overexposed capture with washed-out highlights in bright UI areas. Names, organizations, places, and numbers should use plausible everyday forms. Typography and UI density should match a genuine device capture."
FA_fake_003,FA_fake_003.jpg,fake,PERSIAN,paper,Politics & Military,"A light mode screenshot of newspaper in Persian, showing: military command communiqué announcing a ceasefire agreement effective at 0600 hours along the Oakmont border corridor. UI layout: newspaper front page layout: masthead with newspaper name, date, edition number; multi-column text layout, large headline in bold serif font, subheadlines, byline; black and white or muted-color photos with captions, article continuation markers. Landscape framing, aspect 4:3, 1600×1200 (landscape form scan); device frame: Single-page A4/letter in viewer or on desk, margins, paragraph blocks, formal layout. Capture condition: photocopied document with reduced contrast, visible copier edge shadows, and slight grain. All text content is in Persian (فارسی). Names, organizations, places, and numbers should use plausible everyday forms. Typography and UI density should match a genuine device capture."
FA_fake_004,FA_fake_004.jpg,fake,PERSIAN,paper,Politics & Military,"Imagine looking at someone's phone or screen showing newspaper in light mode. The screen displays a post in Persian (فارسی) about: naval exercise press release announcing joint operations between two allies in the Maplewood Township waters involving approximately 35 vessels. The interface includes: newspaper front page layout: masthead with newspaper name, date, edition number; multi-column text layout, large headline in bold serif font, subheadlines, byline; black and white or muted-color photos with captions, article continuation markers. Portrait framing, aspect 3:4, 1200×1600 (document viewer portrait), captured from Single-page A4/letter in viewer or on desk, margins, paragraph blocks, formal layout. The image has: creased and folded paper with visible fold lines and slightly wrinkled surface. Names, organizations, places, and numbers should use plausible everyday forms. Typography and UI density should match a genuine device capture."
FA_fake_005,FA_fake_005.jpg,fake,PERSIAN,paper,Society & Livelihood,"A light mode screenshot of newspaper in Persian, showing: Granite Public Works clinical trial recruitment notice for a new diabetes treatment, offering $1.8 billion compensation to participants in Maplewood Township. UI layout: newspaper front page layout: masthead with newspaper name, date, edition number; multi-column text layout, large headline in bold serif font, subheadlines, byline; black and white or muted-color photos with captions, article continuation markers. Landscape framing, aspect 4:3, 1600×1200 (print flat landscape); device frame: Flat-lay of printed page on a desk, paper curl, soft shadow, natural reading distance. Capture condition: slightly compressed image quality, minor compression artifacts visible at edges. All text content is in Persian (فارسی). Names, organizations, places, and numbers should use plausible everyday forms. Typography and UI density should match a genuine device capture."
FA_real_001,FA_real_001.jpg,real,PERSIAN,screen,Culture & Entertainment,
FA_real_002,FA_real_002.jpg,real,PERSIAN,screen,Culture & Entertainment,
FA_real_003,FA_real_003.jpg,real,PERSIAN,screen,Politics & Military,
FA_real_004,FA_real_004.jpg,real,PERSIAN,screen,Politics & Military,
FA_real_005,FA_real_005.jpg,real,PERSIAN,screen,Society & Livelihood,
PL_fake_001,PL_fake_001.jpg,fake,POLISH,paper,Culture & Entertainment,"Device capture of a newspaper interface displaying the following content in Polish (Polski): viral quote graphic attributed to a famous entrepreneur about the future of work, shared 5.4K times. The screen shows light mode with these UI elements: newspaper front page layout: masthead with newspaper name, date, edition number; multi-column text layout, large headline in bold serif font, subheadlines, byline; black and white or muted-color photos with captions, article continuation markers. Portrait framing, aspect 3:4, 1200×1600 (print flat scan); framed as Flat-lay of printed page on a desk, paper curl, soft shadow, natural reading distance. Image condition: creased and folded paper with visible fold lines and slightly wrinkled surface. Names, organizations, places, and numbers should use plausible everyday forms. Typography and UI density should match a genuine device capture."
PL_fake_002,PL_fake_002.jpg,fake,POLISH,paper,Culture & Entertainment,"A photograph of a device screen showing newspaper (light mode). The post/page content, written in Polish (Polski), is about: entertainment news post reporting a famous actor's hospitalization at Meridian Health Group for exhaustion, with management statement. Visible UI components: newspaper front page layout: masthead with newspaper name, date, edition number; multi-column text layout, large headline in bold serif font, subheadlines, byline; black and white or muted-color photos with captions, article continuation markers. Landscape framing, aspect 4:3, 1600×1200 (print flat landscape). Device: Flat-lay of printed page on a desk, paper curl, soft shadow, natural reading distance. Photo characteristics: clean digital screenshot, no physical artifacts. Names, organizations, places, and numbers should use plausible everyday forms. Typography and UI density should match a genuine device capture."
PL_fake_003,PL_fake_003.jpg,fake,POLISH,paper,Politics & Military,"A light mode screenshot of newspaper in Polish, showing: military command communiqué announcing a ceasefire agreement effective at 0600 hours along the Lakeshore District border corridor. UI layout: newspaper front page layout: masthead with newspaper name, date, edition number; multi-column text layout, large headline in bold serif font, subheadlines, byline; black and white or muted-color photos with captions, article continuation markers. Landscape framing, aspect 4:3, 1600×1200 (landscape form scan); device frame: Single-page A4/letter in viewer or on desk, margins, paragraph blocks, formal layout. Capture condition: printed on paper and then photographed, showing paper texture, slight skew, and ambient shadows. All text content is in Polish (Polski). Names, organizations, places, and numbers should use plausible everyday forms. Typography and UI density should match a genuine device capture."
PL_fake_004,PL_fake_004.jpg,fake,POLISH,paper,Politics & Military,"Imagine looking at someone's phone or screen showing magazine in light mode. The screen displays a post in Polish (Polski) about: election night results graphic showing vote percentages across Palm Ridge districts with 28% lead margin. The interface includes: magazine page: glossy finish look, stylized headline typography, large feature image; pull quotes, sidebar text boxes, page number, magazine name in header/footer; multi-column layout with callout statistics or infographics. Portrait framing, aspect 2:3, 1200×1800 (tall print tile), captured from Flat-lay of printed page on a desk, paper curl, soft shadow, natural reading distance. The image has: slightly compressed image quality, minor compression artifacts visible at edges. Names, organizations, places, and numbers should use plausible everyday forms. Typography and UI density should match a genuine device capture."
PL_fake_005,PL_fake_005.jpg,fake,POLISH,paper,Society & Livelihood,"A light mode screenshot of prescription in Polish, showing: Atlas Infrastructure Partners clinical trial recruitment notice for a new diabetes treatment, offering $820 million compensation to participants in Millbrook. UI layout: medical prescription form: hospital/clinic header with logo, doctor's name and credentials; patient name, date, prescription list with medication names, dosages, instructions; doctor's signature area, stamp/seal, prescription ID number. Portrait framing, aspect 3:4, 1200×1600 (print flat scan); device frame: Flat-lay of printed page on a desk, paper curl, soft shadow, natural reading distance. Capture condition: printed on paper and then photographed, showing paper texture, slight skew, and ambient shadows. All text content is in Polish (Polski). Names, organizations, places, and numbers should use plausible everyday forms. Typography and UI density should match a genuine device capture."
PL_real_001,PL_real_001.jpg,real,POLISH,screen,Culture & Entertainment,
PL_real_002,PL_real_002.jpg,real,POLISH,screen,Culture & Entertainment,
PL_real_003,PL_real_003.jpg,real,POLISH,screen,Politics & Military,
PL_real_004,PL_real_004.jpg,real,POLISH,screen,Politics & Military,
PL_real_005,PL_real_005.jpg,real,POLISH,screen,Society & Livelihood,
PT_fake_001,PT_fake_001.jpg,fake,PORTUGUESE,paper,Culture & Entertainment,"Device capture of a magazine interface displaying the following content in Portuguese (Português): viral quote graphic attributed to a famous entrepreneur about the future of work, shared 213 times. The screen shows light mode with these UI elements: magazine page: glossy finish look, stylized headline typography, large feature image; pull quotes, sidebar text boxes, page number, magazine name in header/footer; multi-column layout with callout statistics or infographics. Portrait framing, aspect 2:3, 1200×1800 (A-series scan); framed as Single-page A4/letter in viewer or on desk, margins, paragraph blocks, formal layout. Image condition: wet or coffee-stained document with ring marks and faded text areas. Names, organizations, places, and numbers should use plausible everyday forms. Typography and UI density should match a genuine device capture."
PT_fake_002,PT_fake_002.jpg,fake,PORTUGUESE,screen,Culture & Entertainment,"Imagine looking at someone's phone or screen showing Facebook in dark mode. The screen displays a post in Portuguese (Português) about: viral quote graphic attributed to a famous entrepreneur about the future of work, shared 5.4K times. The interface includes: user avatar, display name, privacy icon (globe/friends), timestamp; post text, optional image/link preview card; reaction bar (like/love/haha/wow/sad/angry counts), comment count, share count; action buttons: Like, Comment, Share. Portrait framing, aspect 9:16, 1080×1920 (legacy Huawei FHD), captured from Huawei phone screenshot: EMUI/HarmonyOS status bar, notch or pill cutout, gesture nav bar. The image has: photographed from a TV or monitor screen at an angle, with visible pixel grid and slight color shift. Names, organizations, places, and numbers should use plausible everyday forms. Typography and UI density should match a genuine device capture."
PT_fake_003,PT_fake_003.jpg,fake,PORTUGUESE,paper,Politics & Military,"Device capture of a magazine interface displaying the following content in Portuguese (Português): protest rally coverage showing crowd at Harborview central square with organizers claiming at least 78 attendees. The screen shows light mode with these UI elements: magazine page: glossy finish look, stylized headline typography, large feature image; pull quotes, sidebar text boxes, page number, magazine name in header/footer; multi-column layout with callout statistics or infographics. Portrait framing, aspect 2:3, 1200×1800 (tall print tile); framed as Flat-lay of printed page on a desk, paper curl, soft shadow, natural reading distance. Image condition: slightly compressed image quality, minor compression artifacts visible at edges. Names, organizations, places, and numbers should use plausible everyday forms. Typography and UI density should match a genuine device capture."
PT_fake_004,PT_fake_004.jpg,fake,PORTUGUESE,paper,Politics & Military,"Imagine looking at someone's phone or screen showing magazine in light mode. The screen displays a post in Portuguese (Português) about: municipal council voting results for the Maplewood Township rezoning proposal, with 15% approval rate. The interface includes: magazine page: glossy finish look, stylized headline typography, large feature image; pull quotes, sidebar text boxes, page number, magazine name in header/footer; multi-column layout with callout statistics or infographics. Portrait framing, aspect 2:3, 1200×1800 (tall print tile), captured from Flat-lay of printed page on a desk, paper curl, soft shadow, natural reading distance. The image has: photographed from another screen with visible moire pattern and slight reflection glare. Names, organizations, places, and numbers should use plausible everyday forms. Typography and UI density should match a genuine device capture."
PT_fake_005,PT_fake_005.jpg,fake,PORTUGUESE,paper,Society & Livelihood,"A photograph of a device screen showing newspaper (light mode). The post/page content, written in Portuguese (Português), is about: traditional herbal remedy promotion by Coastal Energy Solutions featuring patient testimonials and before-after comparison with 9.3% satisfaction rate. Visible UI components: newspaper front page layout: masthead with newspaper name, date, edition number; multi-column text layout, large headline in bold serif font, subheadlines, byline; black and white or muted-color photos with captions, article continuation markers. Portrait framing, aspect 3:4, 1200×1600 (document viewer portrait). Device: Single-page A4/letter in viewer or on desk, margins, paragraph blocks, formal layout. Photo characteristics: printed on paper and then photographed, showing paper texture, slight skew, and ambient shadows. Names, organizations, places, and numbers should use plausible everyday forms. Typography and UI density should match a genuine device capture."
PT_real_001,PT_real_001.jpg,real,PORTUGUESE,paper,Culture & Entertainment,
PT_real_002,PT_real_002.jpg,real,PORTUGUESE,paper,Culture & Entertainment,
PT_real_003,PT_real_003.jpg,real,PORTUGUESE,paper,Politics & Military,
PT_real_004,PT_real_004.jpg,real,PORTUGUESE,paper,Politics & Military,
PT_real_005,PT_real_005.jpg,real,PORTUGUESE,paper,Society & Livelihood,
RU_fake_001,RU_fake_001.jpg,fake,RUSSIAN,paper,Culture & Entertainment,"A light mode screenshot of newspaper in Russian, showing: viral quote graphic attributed to a famous entrepreneur about the future of work, shared 1.5K times. UI layout: newspaper front page layout: masthead with newspaper name, date, edition number; multi-column text layout, large headline in bold serif font, subheadlines, byline; black and white or muted-color photos with captions, article continuation markers. Landscape framing, aspect 4:3, 1600×1200 (landscape form scan); device frame: Single-page A4/letter in viewer or on desk, margins, paragraph blocks, formal layout. Capture condition: clean digital screenshot, no physical artifacts. All text content is in Russian (Русский). Names, organizations, places, and numbers should use plausible everyday forms. Typography and UI density should match a genuine device capture."
RU_fake_002,RU_fake_002.jpg,fake,RUSSIAN,paper,Culture & Entertainment,"A photograph of a device screen showing magazine (light mode). The post/page content, written in Russian (Русский), is about: tabloid-style report on a public figure's real estate purchase in Lakeshore District for $3.3 billion, with property photos. Visible UI components: magazine page: glossy finish look, stylized headline typography, large feature image; pull quotes, sidebar text boxes, page number, magazine name in header/footer; multi-column layout with callout statistics or infographics. Portrait framing, aspect 2:3, 1200×1800 (tall print tile). Device: Flat-lay of printed page on a desk, paper curl, soft shadow, natural reading distance. Photo characteristics: photocopied document with reduced contrast, visible copier edge shadows, and slight grain. Names, organizations, places, and numbers should use plausible everyday forms. Typography and UI density should match a genuine device capture."
RU_fake_003,RU_fake_003.jpg,fake,RUSSIAN,paper,Politics & Military,"A photograph of a device screen showing newspaper (light mode). The post/page content, written in Russian (Русский), is about: municipal council voting results for the Riverside Province rezoning proposal, with 3.2% approval rate. Visible UI components: newspaper front page layout: masthead with newspaper name, date, edition number; multi-column text layout, large headline in bold serif font, subheadlines, byline; black and white or muted-color photos with captions, article continuation markers. Portrait framing, aspect 3:4, 1200×1600 (document viewer portrait). Device: Single-page A4/letter in viewer or on desk, margins, paragraph blocks, formal layout. Photo characteristics: creased and folded paper with visible fold lines and slightly wrinkled surface. Names, organizations, places, and numbers should use plausible everyday forms. Typography and UI density should match a genuine device capture."
RU_fake_004,RU_fake_004.jpg,fake,RUSSIAN,paper,Politics & Military,"Imagine looking at someone's phone or screen showing newspaper in light mode. The screen displays a post in Russian (Русский) about: draft executive order text on data privacy regulations from a labor union leader's office with implementation date and penalties. The interface includes: newspaper front page layout: masthead with newspaper name, date, edition number; multi-column text layout, large headline in bold serif font, subheadlines, byline; black and white or muted-color photos with captions, article continuation markers. Landscape framing, aspect 4:3, 1600×1200 (landscape form scan), captured from Single-page A4/letter in viewer or on desk, margins, paragraph blocks, formal layout. The image has: slightly compressed image quality, minor compression artifacts visible at edges. Names, organizations, places, and numbers should use plausible everyday forms. Typography and UI density should match a genuine device capture."
RU_fake_005,RU_fake_005.jpg,fake,RUSSIAN,paper,Society & Livelihood,"A light mode screenshot of magazine in Russian, showing: seismological bureau alert reporting a magnitude 7.1 earthquake more than 200 km from Maplewood Township with tsunami advisory. UI layout: magazine page: glossy finish look, stylized headline typography, large feature image; pull quotes, sidebar text boxes, page number, magazine name in header/footer; multi-column layout with callout statistics or infographics. Portrait framing, aspect 2:3, 1200×1800 (A-series scan); device frame: Single-page A4/letter in viewer or on desk, margins, paragraph blocks, formal layout. Capture condition: printed on paper and then photographed, showing paper texture, slight skew, and ambient shadows. All text content is in Russian (Русский). Names, organizations, places, and numbers should use plausible everyday forms. Typography and UI density should match a genuine device capture."
RU_real_001,RU_real_001.jpg,real,RUSSIAN,paper,Culture & Entertainment,
RU_real_002,RU_real_002.jpg,real,RUSSIAN,paper,Culture & Entertainment,
RU_real_003,RU_real_003.jpg,real,RUSSIAN,paper,Politics & Military,
RU_real_004,RU_real_004.jpg,real,RUSSIAN,paper,Politics & Military,
RU_real_005,RU_real_005.jpg,real,RUSSIAN,paper,Society & Livelihood,
ES_fake_001,ES_fake_001.jpg,fake,SPANISH,paper,Culture & Entertainment,"Imagine looking at someone's phone or screen showing newspaper in light mode. The screen displays a post in Spanish (Español) about: tabloid-style report on a public figure's real estate purchase in Riverside Province for $350 million, with property photos. The interface includes: newspaper front page layout: masthead with newspaper name, date, edition number; multi-column text layout, large headline in bold serif font, subheadlines, byline; black and white or muted-color photos with captions, article continuation markers. Landscape framing, aspect 4:3, 1600×1200 (print flat landscape), captured from Flat-lay of printed page on a desk, paper curl, soft shadow, natural reading distance. The image has: photographed from another screen with visible moire pattern and slight reflection glare. Names, organizations, places, and numbers should use plausible everyday forms. Typography and UI density should match a genuine device capture."
ES_fake_002,ES_fake_002.jpg,fake,SPANISH,paper,Culture & Entertainment,"Device capture of a magazine interface displaying the following content in Spanish (Español): entertainment news post reporting a famous actor's hospitalization at Greenfield Biotech for exhaustion, with management statement. The screen shows light mode with these UI elements: magazine page: glossy finish look, stylized headline typography, large feature image; pull quotes, sidebar text boxes, page number, magazine name in header/footer; multi-column layout with callout statistics or infographics. Portrait framing, aspect 3:4, 1200×1600 (document viewer portrait); framed as Single-page A4/letter in viewer or on desk, margins, paragraph blocks, formal layout. Image condition: clean digital screenshot, no physical artifacts. Names, organizations, places, and numbers should use plausible everyday forms. Typography and UI density should match a genuine device capture."
ES_fake_003,ES_fake_003.jpg,fake,SPANISH,paper,Politics & Military,"Imagine looking at someone's phone or screen showing newspaper in light mode. The screen displays a post in Spanish (Español) about: diplomatic statement about new trade agreement terms between two nations, with specific tariff reduction figures of 18%. The interface includes: newspaper front page layout: masthead with newspaper name, date, edition number; multi-column text layout, large headline in bold serif font, subheadlines, byline; black and white or muted-color photos with captions, article continuation markers. Portrait framing, aspect 3:4, 1200×1600 (document viewer portrait), captured from Single-page A4/letter in viewer or on desk, margins, paragraph blocks, formal layout. The image has: slightly compressed image quality, minor compression artifacts visible at edges. Names, organizations, places, and numbers should use plausible everyday forms. Typography and UI density should match a genuine device capture."
ES_fake_004,ES_fake_004.jpg,fake,SPANISH,paper,Politics & Military,"A photograph of a device screen showing newspaper (light mode). The post/page content, written in Spanish (Español), is about: a health minister announcing a new $820 million education reform package for Riverside Province, including teacher salary adjustments of 67%. Visible UI components: newspaper front page layout: masthead with newspaper name, date, edition number; multi-column text layout, large headline in bold serif font, subheadlines, byline; black and white or muted-color photos with captions, article continuation markers. Portrait framing, aspect 3:4, 1200×1600 (print flat scan). Device: Flat-lay of printed page on a desk, paper curl, soft shadow, natural reading distance. Photo characteristics: clean digital screenshot, no physical artifacts. Names, organizations, places, and numbers should use plausible everyday forms. Typography and UI density should match a genuine device capture."
ES_fake_005,ES_fake_005.jpg,fake,SPANISH,paper,Society & Livelihood,"Imagine looking at someone's phone or screen showing newspaper in light mode. The screen displays a post in Spanish (Español) about: Redwood Community Trust clinical trial recruitment notice for a new diabetes treatment, offering $560 million compensation to participants in Westfield County. The interface includes: newspaper front page layout: masthead with newspaper name, date, edition number; multi-column text layout, large headline in bold serif font, subheadlines, byline; black and white or muted-color photos with captions, article continuation markers. Landscape framing, aspect 4:3, 1600×1200 (landscape form scan), captured from Single-page A4/letter in viewer or on desk, margins, paragraph blocks, formal layout. The image has: photocopied document with reduced contrast, visible copier edge shadows, and slight grain. Names, organizations, places, and numbers should use plausible everyday forms. Typography and UI density should match a genuine device capture."
ES_real_001,ES_real_001.jpg,real,SPANISH,paper,Culture & Entertainment,
ES_real_002,ES_real_002.jpg,real,SPANISH,paper,Culture & Entertainment,
ES_real_003,ES_real_003.jpg,real,SPANISH,paper,Politics & Military,
ES_real_004,ES_real_004.jpg,real,SPANISH,paper,Politics & Military,
ES_real_005,ES_real_005.jpg,real,SPANISH,paper,Society & Livelihood,
SW_fake_001,SW_fake_001.jpg,fake,SWAHILI,paper,Culture & Entertainment,"Imagine looking at someone's phone or screen showing magazine in light mode. The screen displays a post in Swahili (Kiswahili) about: entertainment industry report on a major streaming platform's content deal worth $430 million with a production studio at Northbridge. The interface includes: magazine page: glossy finish look, stylized headline typography, large feature image; pull quotes, sidebar text boxes, page number, magazine name in header/footer; multi-column layout with callout statistics or infographics. Portrait framing, aspect 3:4, 1200×1600 (print flat scan), captured from Flat-lay of printed page on a desk, paper curl, soft shadow, natural reading distance. The image has: wet or coffee-stained document with ring marks and faded text areas. Names, organizations, places, and numbers should use plausible everyday forms. Typography and UI density should match a genuine device capture."
SW_fake_002,SW_fake_002.jpg,fake,SWAHILI,screen,Culture & Entertainment,"Imagine looking at someone's phone or screen showing WhatsApp in dark mode. The screen displays a post in Swahili (Kiswahili) about: viral quote graphic attributed to a famous entrepreneur about the future of work, shared 5.4K times. The interface includes: chat header: contact name or group name, avatar, online status, call icons; message bubbles: green (sent) and white (received), with tails; timestamp on each bubble, double-check marks (blue/grey); text input bar at bottom, attachment icon, voice note icon. Portrait framing, aspect 9:16, 1080×1920 (legacy FHD+ portrait), captured from Android app screenshot: status bar, punch-hole or gesture nav, Material-style or OEM UI. The image has: screenshot re-photographed with a phone camera, showing hand shadow at edge and slight blur. Names, organizations, places, and numbers should use plausible everyday forms. Typography and UI density should match a genuine device capture."
SW_fake_003,SW_fake_003.jpg,fake,SWAHILI,paper,Politics & Military,"A light mode screenshot of newspaper in Swahili, showing: election night results graphic showing vote percentages across Maplewood Township districts with 28% lead margin. UI layout: newspaper front page layout: masthead with newspaper name, date, edition number; multi-column text layout, large headline in bold serif font, subheadlines, byline; black and white or muted-color photos with captions, article continuation markers. Landscape framing, aspect 4:3, 1600×1200 (print flat landscape); device frame: Flat-lay of printed page on a desk, paper curl, soft shadow, natural reading distance. Capture condition: wet or coffee-stained document with ring marks and faded text areas. All text content is in Swahili (Kiswahili). Names, organizations, places, and numbers should use plausible everyday forms. Typography and UI density should match a genuine device capture."
SW_fake_004,SW_fake_004.jpg,fake,SWAHILI,paper,Politics & Military,"Imagine looking at someone's phone or screen showing magazine in light mode. The screen displays a post in Swahili (Kiswahili) about: municipal council voting results for the Sundale Heights rezoning proposal, with 76% approval rate. The interface includes: magazine page: glossy finish look, stylized headline typography, large feature image; pull quotes, sidebar text boxes, page number, magazine name in header/footer; multi-column layout with callout statistics or infographics. Portrait framing, aspect 2:3, 1200×1800 (tall print tile), captured from Flat-lay of printed page on a desk, paper curl, soft shadow, natural reading distance. The image has: slightly compressed image quality, minor compression artifacts visible at edges. Names, organizations, places, and numbers should use plausible everyday forms. Typography and UI density should match a genuine device capture."
SW_fake_005,SW_fake_005.jpg,fake,SWAHILI,paper,Society & Livelihood,"Imagine looking at someone's phone or screen showing magazine in light mode. The screen displays a post in Swahili (Kiswahili) about: regional health department report on water quality testing in Clearwater Bay, with 11% of samples exceeding safety thresholds. The interface includes: magazine page: glossy finish look, stylized headline typography, large feature image; pull quotes, sidebar text boxes, page number, magazine name in header/footer; multi-column layout with callout statistics or infographics. Portrait framing, aspect 2:3, 1200×1800 (tall print tile), captured from Flat-lay of printed page on a desk, paper curl, soft shadow, natural reading distance. The image has: wet or coffee-stained document with ring marks and faded text areas. Names, organizations, places, and numbers should use plausible everyday forms. Typography and UI density should match a genuine device capture."
SW_real_001,SW_real_001.jpg,real,SWAHILI,screen,Culture & Entertainment,
SW_real_002,SW_real_002.jpg,real,SWAHILI,screen,Culture & Entertainment,
SW_real_003,SW_real_003.jpg,real,SWAHILI,screen,Politics & Military,
SW_real_004,SW_real_004.jpg,real,SWAHILI,screen,Politics & Military,
SW_real_005,SW_real_005.jpg,real,SWAHILI,screen,Society & Livelihood,
TL_fake_001,TL_fake_001.jpg,fake,TAGALOG,paper,Culture & Entertainment,"Device capture of a gov_notice interface displaying the following content in Filipino (Filipino): viral quote graphic attributed to a famous entrepreneur about the future of work, shared 5.4K times. The screen shows light mode with these UI elements: official government document: agency/ministry letterhead, government emblem/seal; document title in bold, formal reference number, date; body text in formal language, official signature, stamp, classification marking. Portrait framing, aspect 3:4, 1200×1600 (print flat scan); framed as Flat-lay of printed page on a desk, paper curl, soft shadow, natural reading distance. Image condition: photocopied document with reduced contrast, visible copier edge shadows, and slight grain. Names, organizations, places, and numbers should use plausible everyday forms. Typography and UI density should match a genuine device capture."
TL_fake_002,TL_fake_002.jpg,fake,TAGALOG,paper,Culture & Entertainment,"Device capture of a billboard_sign interface displaying the following content in Filipino (Filipino): product endorsement post by a well-known athlete promoting Blue Harbor Insurance's new fitness supplement with personal usage story. The screen shows light mode with these UI elements: outdoor billboard or signage: large bold text, brand colors, product/event imagery; contact info, website URL, QR code, directional elements; surrounding environment visible (street, building edge, sky). Landscape framing, aspect 16:9, 2560×1440 (2K / QHD); framed as Desktop Chrome: tabs, address bar, bookmarks bar, close/maximize controls. Image condition: photographed from a TV or monitor screen at an angle, with visible pixel grid and slight color shift. Names, organizations, places, and numbers should use plausible everyday forms. Typography and UI density should match a genuine device capture."
TL_fake_003,TL_fake_003.jpg,fake,TAGALOG,paper,Politics & Military,"Device capture of a newspaper interface displaying the following content in Filipino (Filipino): military command communiqué announcing a ceasefire agreement effective at 0600 hours along the Northbridge border corridor. The screen shows light mode with these UI elements: newspaper front page layout: masthead with newspaper name, date, edition number; multi-column text layout, large headline in bold serif font, subheadlines, byline; black and white or muted-color photos with captions, article continuation markers. Landscape framing, aspect 4:3, 1600×1200 (print flat landscape); framed as Flat-lay of printed page on a desk, paper curl, soft shadow, natural reading distance. Image condition: printed on paper and then photographed, showing paper texture, slight skew, and ambient shadows. Names, organizations, places, and numbers should use plausible everyday forms. Typography and UI density should match a genuine device capture."
TL_fake_004,TL_fake_004.jpg,fake,TAGALOG,paper,Politics & Military,"Imagine looking at someone's phone or screen showing newspaper in light mode. The screen displays a post in Filipino (Filipino) about: a party spokesperson announcing a new $430 million education reform package for Millbrook, including teacher salary adjustments of 11%. The interface includes: newspaper front page layout: masthead with newspaper name, date, edition number; multi-column text layout, large headline in bold serif font, subheadlines, byline; black and white or muted-color photos with captions, article continuation markers. Landscape framing, aspect 4:3, 1600×1200 (print flat landscape), captured from Flat-lay of printed page on a desk, paper curl, soft shadow, natural reading distance. The image has: creased and folded paper with visible fold lines and slightly wrinkled surface. Names, organizations, places, and numbers should use plausible everyday forms. Typography and UI density should match a genuine device capture."
TL_fake_005,TL_fake_005.jpg,fake,TAGALOG,paper,Society & Livelihood,"A photograph of a device screen showing magazine (light mode). The post/page content, written in Filipino (Filipino), is about: traditional herbal remedy promotion by Atlas Infrastructure Partners featuring patient testimonials and before-after comparison with 3.2% satisfaction rate. Visible UI components: magazine page: glossy finish look, stylized headline typography, large feature image; pull quotes, sidebar text boxes, page number, magazine name in header/footer; multi-column layout with callout statistics or infographics. Portrait framing, aspect 2:3, 1200×1800 (tall print tile). Device: Flat-lay of printed page on a desk, paper curl, soft shadow, natural reading distance. Photo characteristics: clean digital screenshot, no physical artifacts. Names, organizations, places, and numbers should use plausible everyday forms. Typography and UI density should match a genuine device capture."
TL_real_001,TL_real_001.jpg,real,TAGALOG,screen,Culture & Entertainment,
TL_real_002,TL_real_002.jpg,real,TAGALOG,screen,Culture & Entertainment,
TL_real_003,TL_real_003.jpg,real,TAGALOG,screen,Politics & Military,
TL_real_004,TL_real_004.jpg,real,TAGALOG,screen,Politics & Military,
TL_real_005,TL_real_005.jpg,real,TAGALOG,screen,Society & Livelihood,
TH_fake_001,TH_fake_001.jpg,fake,THAI,paper,Culture & Entertainment,"A light mode screenshot of newspaper in Thai, showing: entertainment industry report on a major streaming platform's content deal worth $820 million with a production studio at Cedarville. UI layout: newspaper front page layout: masthead with newspaper name, date, edition number; multi-column text layout, large headline in bold serif font, subheadlines, byline; black and white or muted-color photos with captions, article continuation markers. Landscape framing, aspect 4:3, 1600×1200 (landscape form scan); device frame: Single-page A4/letter in viewer or on desk, margins, paragraph blocks, formal layout. Capture condition: slightly compressed image quality, minor compression artifacts visible at edges. All text content is in Thai (ไทย). Names, organizations, places, and numbers should use plausible everyday forms. Typography and UI density should match a genuine device capture."
TH_fake_002,TH_fake_002.jpg,fake,THAI,paper,Culture & Entertainment,"A photograph of a device screen showing certificate (light mode). The post/page content, written in Thai (ไทย), is about: entertainment industry report on a major streaming platform's content deal worth $275 million with a production studio at Oakmont. Visible UI components: formal certificate: ornate border design, institution name and logo at top; recipient name in calligraphic or bold font, degree/qualification title; date of issue, signatures, embossed seal, certificate number. Landscape framing, aspect 4:3, 1600×1200 (landscape form scan). Device: Single-page A4/letter in viewer or on desk, margins, paragraph blocks, formal layout. Photo characteristics: photocopied document with reduced contrast, visible copier edge shadows, and slight grain. Names, organizations, places, and numbers should use plausible everyday forms. Typography and UI density should match a genuine device capture."
TH_fake_003,TH_fake_003.jpg,fake,THAI,paper,Politics & Military,"A photograph of a device screen showing magazine (light mode). The post/page content, written in Thai (ไทย), is about: leaked internal memo from Coastal Energy Solutions discussing personnel changes in senior leadership positions. Visible UI components: magazine page: glossy finish look, stylized headline typography, large feature image; pull quotes, sidebar text boxes, page number, magazine name in header/footer; multi-column layout with callout statistics or infographics. Portrait framing, aspect 2:3, 1200×1800 (A-series scan). Device: Single-page A4/letter in viewer or on desk, margins, paragraph blocks, formal layout. Photo characteristics: clean digital screenshot, no physical artifacts. Names, organizations, places, and numbers should use plausible everyday forms. Typography and UI density should match a genuine device capture."
TH_fake_004,TH_fake_004.jpg,fake,THAI,paper,Politics & Military,"A photograph of a device screen showing newspaper (light mode). The post/page content, written in Thai (ไทย), is about: a party spokesperson's social media post announcing a new $1.2 billion infrastructure investment plan with a 23% budget increase for Oakmont. Visible UI components: newspaper front page layout: masthead with newspaper name, date, edition number; multi-column text layout, large headline in bold serif font, subheadlines, byline; black and white or muted-color photos with captions, article continuation markers. Portrait framing, aspect 3:4, 1200×1600 (document viewer portrait). Device: Single-page A4/letter in viewer or on desk, margins, paragraph blocks, formal layout. Photo characteristics: newspaper clipping that has been scanned, with yellowed edges and slight ink smudges. Names, organizations, places, and numbers should use plausible everyday forms. Typography and UI density should match a genuine device capture."
TH_fake_005,TH_fake_005.jpg,fake,THAI,paper,Society & Livelihood,"A light mode screenshot of newspaper in Thai, showing: pharmaceutical advertisement for a new supplement by Horizon Capital Management claiming 76% improvement in joint health within 30 days. UI layout: newspaper front page layout: masthead with newspaper name, date, edition number; multi-column text layout, large headline in bold serif font, subheadlines, byline; black and white or muted-color photos with captions, article continuation markers. Landscape framing, aspect 4:3, 1600×1200 (landscape form scan); device frame: Single-page A4/letter in viewer or on desk, margins, paragraph blocks, formal layout. Capture condition: slightly compressed image quality, minor compression artifacts visible at edges. All text content is in Thai (ไทย). Names, organizations, places, and numbers should use plausible everyday forms. Typography and UI density should match a genuine device capture."
TH_real_001,TH_real_001.jpg,real,THAI,paper,Culture & Entertainment,
TH_real_002,TH_real_002.jpg,real,THAI,paper,Culture & Entertainment,
TH_real_003,TH_real_003.jpg,real,THAI,paper,Politics & Military,
TH_real_004,TH_real_004.jpg,real,THAI,paper,Politics & Military,
TH_real_005,TH_real_005.jpg,real,THAI,paper,Society & Livelihood,
TR_fake_001,TR_fake_001.jpg,fake,TURKISH,paper,Culture & Entertainment,"Imagine looking at someone's phone or screen showing newspaper in light mode. The screen displays a post in Turkish (Türkçe) about: viral quote graphic attributed to a famous entrepreneur about the future of work, shared 8.7K times. The interface includes: newspaper front page layout: masthead with newspaper name, date, edition number; multi-column text layout, large headline in bold serif font, subheadlines, byline; black and white or muted-color photos with captions, article continuation markers. Landscape framing, aspect 4:3, 1600×1200 (landscape form scan), captured from Single-page A4/letter in viewer or on desk, margins, paragraph blocks, formal layout. The image has: slightly compressed image quality, minor compression artifacts visible at edges. Names, organizations, places, and numbers should use plausible everyday forms. Typography and UI density should match a genuine device capture."
TR_fake_002,TR_fake_002.jpg,fake,TURKISH,paper,Culture & Entertainment,"Device capture of a newspaper interface displaying the following content in Turkish (Türkçe): viral quote graphic attributed to a famous entrepreneur about the future of work, shared 47 times. The screen shows light mode with these UI elements: newspaper front page layout: masthead with newspaper name, date, edition number; multi-column text layout, large headline in bold serif font, subheadlines, byline; black and white or muted-color photos with captions, article continuation markers. Portrait framing, aspect 3:4, 1200×1600 (document viewer portrait); framed as Single-page A4/letter in viewer or on desk, margins, paragraph blocks, formal layout. Image condition: creased and folded paper with visible fold lines and slightly wrinkled surface. Names, organizations, places, and numbers should use plausible everyday forms. Typography and UI density should match a genuine device capture."
TR_fake_003,TR_fake_003.jpg,fake,TURKISH,paper,Politics & Military,"Device capture of a newspaper interface displaying the following content in Turkish (Türkçe): diplomatic statement about new trade agreement terms between two nations, with specific tariff reduction figures of 31%. The screen shows light mode with these UI elements: newspaper front page layout: masthead with newspaper name, date, edition number; multi-column text layout, large headline in bold serif font, subheadlines, byline; black and white or muted-color photos with captions, article continuation markers. Landscape framing, aspect 4:3, 1600×1200 (landscape form scan); framed as Single-page A4/letter in viewer or on desk, margins, paragraph blocks, formal layout. Image condition: creased and folded paper with visible fold lines and slightly wrinkled surface. Names, organizations, places, and numbers should use plausible everyday forms. Typography and UI density should match a genuine device capture."
TR_fake_004,TR_fake_004.jpg,fake,TURKISH,paper,Politics & Military,"Imagine looking at someone's phone or screen showing magazine in light mode. The screen displays a post in Turkish (Türkçe) about: field correspondent dispatch from Silverton conflict zone describing humanitarian corridor operations and civilian evacuation progress. The interface includes: magazine page: glossy finish look, stylized headline typography, large feature image; pull quotes, sidebar text boxes, page number, magazine name in header/footer; multi-column layout with callout statistics or infographics. Portrait framing, aspect 2:3, 1200×1800 (A-series scan), captured from Single-page A4/letter in viewer or on desk, margins, paragraph blocks, formal layout. The image has: clean digital screenshot, no physical artifacts. Names, organizations, places, and numbers should use plausible everyday forms. Typography and UI density should match a genuine device capture."
TR_fake_005,TR_fake_005.jpg,fake,TURKISH,paper,Society & Livelihood,"Device capture of a magazine interface displaying the following content in Turkish (Türkçe): traditional herbal remedy promotion by Greenfield Biotech featuring patient testimonials and before-after comparison with 15% satisfaction rate. The screen shows light mode with these UI elements: magazine page: glossy finish look, stylized headline typography, large feature image; pull quotes, sidebar text boxes, page number, magazine name in header/footer; multi-column layout with callout statistics or infographics. Portrait framing, aspect 3:4, 1200×1600 (print flat scan); framed as Flat-lay of printed page on a desk, paper curl, soft shadow, natural reading distance. Image condition: printed on paper and then photographed, showing paper texture, slight skew, and ambient shadows. Names, organizations, places, and numbers should use plausible everyday forms. Typography and UI density should match a genuine device capture."
TR_real_001,TR_real_001.jpg,real,TURKISH,screen,Culture & Entertainment,
TR_real_002,TR_real_002.jpg,real,TURKISH,screen,Culture & Entertainment,
TR_real_003,TR_real_003.jpg,real,TURKISH,screen,Politics & Military,
TR_real_004,TR_real_004.jpg,real,TURKISH,screen,Politics & Military,
TR_real_005,TR_real_005.jpg,real,TURKISH,screen,Society & Livelihood,
UK_fake_001,UK_fake_001.jpg,fake,UKRAINIAN,paper,Culture & Entertainment,"A light mode screenshot of newspaper in Ukrainian, showing: fan-made tribute post for a legendary musician's anniversary, showing career timeline and 342 fan reactions. UI layout: newspaper front page layout: masthead with newspaper name, date, edition number; multi-column text layout, large headline in bold serif font, subheadlines, byline; black and white or muted-color photos with captions, article continuation markers. Landscape framing, aspect 4:3, 1600×1200 (landscape form scan); device frame: Single-page A4/letter in viewer or on desk, margins, paragraph blocks, formal layout. Capture condition: wet or coffee-stained document with ring marks and faded text areas. All text content is in Ukrainian (Українська). Names, organizations, places, and numbers should use plausible everyday forms. Typography and UI density should match a genuine device capture."
UK_fake_002,UK_fake_002.jpg,fake,UKRAINIAN,paper,Culture & Entertainment,"Imagine looking at someone's phone or screen showing billboard_sign in light mode. The screen displays a post in Ukrainian (Українська) about: entertainment news post reporting a famous actor's hospitalization at Atlas Infrastructure Partners for exhaustion, with management statement. The interface includes: outdoor billboard or signage: large bold text, brand colors, product/event imagery; contact info, website URL, QR code, directional elements; surrounding environment visible (street, building edge, sky). Landscape framing, aspect 16:9, 3840×2160 (4K UHD), captured from Desktop Chrome: tabs, address bar, bookmarks bar, close/maximize controls. The image has: slightly overexposed capture with washed-out highlights in bright UI areas. Names, organizations, places, and numbers should use plausible everyday forms. Typography and UI density should match a genuine device capture."
UK_fake_003,UK_fake_003.jpg,fake,UKRAINIAN,paper,Politics & Military,"A photograph of a device screen showing newspaper (light mode). The post/page content, written in Ukrainian (Українська), is about: protest rally coverage showing crowd at Ashford central square with organizers claiming at least 14 attendees. Visible UI components: newspaper front page layout: masthead with newspaper name, date, edition number; multi-column text layout, large headline in bold serif font, subheadlines, byline; black and white or muted-color photos with captions, article continuation markers. Landscape framing, aspect 4:3, 1600×1200 (landscape form scan). Device: Single-page A4/letter in viewer or on desk, margins, paragraph blocks, formal layout. Photo characteristics: clean digital screenshot, no physical artifacts. Names, organizations, places, and numbers should use plausible everyday forms. Typography and UI density should match a genuine device capture."
UK_fake_004,UK_fake_004.jpg,fake,UKRAINIAN,paper,Politics & Military,"newspaper · light mode · Ukrainian (Українська). Content: a finance committee chair's open letter criticizing the current water supply management in Lakeshore District, citing 23% waste rate. UI specification: newspaper front page layout: masthead with newspaper name, date, edition number; multi-column text layout, large headline in bold serif font, subheadlines, byline; black and white or muted-color photos with captions, article continuation markers. Resolution/framing: Portrait framing, aspect 3:4, 1200×1600 (print flat scan). Device context: Flat-lay of printed page on a desk, paper curl, soft shadow, natural reading distance. Capture artifact: creased and folded paper with visible fold lines and slightly wrinkled surface. Names, organizations, places, and numbers should use plausible everyday forms. Typography and UI density should match a genuine device capture."
UK_fake_005,UK_fake_005.jpg,fake,UKRAINIAN,paper,Society & Livelihood,"Device capture of a magazine interface displaying the following content in Ukrainian (Українська): road closure and traffic advisory for Oakmont following a multi-vehicle pileup on Highway 12, with over 500 injuries reported. The screen shows light mode with these UI elements: magazine page: glossy finish look, stylized headline typography, large feature image; pull quotes, sidebar text boxes, page number, magazine name in header/footer; multi-column layout with callout statistics or infographics. Portrait framing, aspect 2:3, 1200×1800 (tall print tile); framed as Flat-lay of printed page on a desk, paper curl, soft shadow, natural reading distance. Image condition: clean digital screenshot, no physical artifacts. Names, organizations, places, and numbers should use plausible everyday forms. Typography and UI density should match a genuine device capture."
UK_real_001,UK_real_001.jpg,real,UKRAINIAN,screen,Culture & Entertainment,
UK_real_002,UK_real_002.jpg,real,UKRAINIAN,screen,Culture & Entertainment,
UK_real_003,UK_real_003.jpg,real,UKRAINIAN,screen,Politics & Military,
UK_real_004,UK_real_004.jpg,real,UKRAINIAN,screen,Politics & Military,
UK_real_005,UK_real_005.jpg,real,UKRAINIAN,screen,Society & Livelihood,
UR_fake_001,UR_fake_001.jpg,fake,URDU,paper,Culture & Entertainment,"Imagine looking at someone's phone or screen showing magazine in light mode. The screen displays a post in Urdu (اردو) about: product endorsement post by a well-known athlete promoting Blue Harbor Insurance's new fitness supplement with personal usage story. The interface includes: magazine page: glossy finish look, stylized headline typography, large feature image; pull quotes, sidebar text boxes, page number, magazine name in header/footer; multi-column layout with callout statistics or infographics. Portrait framing, aspect 3:4, 1200×1600 (document viewer portrait), captured from Single-page A4/letter in viewer or on desk, margins, paragraph blocks, formal layout. The image has: clean digital screenshot, no physical artifacts. Names, organizations, places, and numbers should use plausible everyday forms. Typography and UI density should match a genuine device capture."
UR_fake_002,UR_fake_002.jpg,fake,URDU,paper,Culture & Entertainment,"A photograph of a device screen showing newspaper (light mode). The post/page content, written in Urdu (اردو), is about: fan-made tribute post for a legendary musician's anniversary, showing career timeline and 5.4K fan reactions. Visible UI components: newspaper front page layout: masthead with newspaper name, date, edition number; multi-column text layout, large headline in bold serif font, subheadlines, byline; black and white or muted-color photos with captions, article continuation markers. Landscape framing, aspect 4:3, 1600×1200 (landscape form scan). Device: Single-page A4/letter in viewer or on desk, margins, paragraph blocks, formal layout. Photo characteristics: slightly compressed image quality, minor compression artifacts visible at edges. Names, organizations, places, and numbers should use plausible everyday forms. Typography and UI density should match a genuine device capture."
UR_fake_003,UR_fake_003.jpg,fake,URDU,paper,Politics & Military,"Imagine looking at someone's phone or screen showing magazine in light mode. The screen displays a post in Urdu (اردو) about: election night results graphic showing vote percentages across Maplewood Township districts with 11% lead margin. The interface includes: magazine page: glossy finish look, stylized headline typography, large feature image; pull quotes, sidebar text boxes, page number, magazine name in header/footer; multi-column layout with callout statistics or infographics. Portrait framing, aspect 3:4, 1200×1600 (document viewer portrait), captured from Single-page A4/letter in viewer or on desk, margins, paragraph blocks, formal layout. The image has: wet or coffee-stained document with ring marks and faded text areas. Names, organizations, places, and numbers should use plausible everyday forms. Typography and UI density should match a genuine device capture."
UR_fake_004,UR_fake_004.jpg,fake,URDU,paper,Politics & Military,"A photograph of a device screen showing newspaper (light mode). The post/page content, written in Urdu (اردو), is about: a provincial governor's open letter criticizing the current water supply management in Oakmont, citing 15% waste rate. Visible UI components: newspaper front page layout: masthead with newspaper name, date, edition number; multi-column text layout, large headline in bold serif font, subheadlines, byline; black and white or muted-color photos with captions, article continuation markers. Landscape framing, aspect 4:3, 1600×1200 (print flat landscape). Device: Flat-lay of printed page on a desk, paper curl, soft shadow, natural reading distance. Photo characteristics: printed on paper and then photographed, showing paper texture, slight skew, and ambient shadows. Names, organizations, places, and numbers should use plausible everyday forms. Typography and UI density should match a genuine device capture."
UR_fake_005,UR_fake_005.jpg,fake,URDU,paper,Society & Livelihood,"A photograph of a device screen showing newspaper (light mode). The post/page content, written in Urdu (اردو), is about: flood damage assessment report for Millbrook region, with approximately 150 displaced residents and $150 million in estimated damages. Visible UI components: newspaper front page layout: masthead with newspaper name, date, edition number; multi-column text layout, large headline in bold serif font, subheadlines, byline; black and white or muted-color photos with captions, article continuation markers. Landscape framing, aspect 4:3, 1600×1200 (print flat landscape). Device: Flat-lay of printed page on a desk, paper curl, soft shadow, natural reading distance. Photo characteristics: wet or coffee-stained document with ring marks and faded text areas. Names, organizations, places, and numbers should use plausible everyday forms. Typography and UI density should match a genuine device capture."
UR_real_001,UR_real_001.jpg,real,URDU,screen,Culture & Entertainment,
UR_real_002,UR_real_002.jpg,real,URDU,screen,Culture & Entertainment,
UR_real_003,UR_real_003.jpg,real,URDU,screen,Politics & Military,
UR_real_004,UR_real_004.jpg,real,URDU,screen,Politics & Military,
UR_real_005,UR_real_005.jpg,real,URDU,screen,Society & Livelihood,
VI_fake_001,VI_fake_001.jpg,fake,VIETNAMESE,paper,Culture & Entertainment,"A light mode screenshot of newspaper in Vietnamese, showing: entertainment news post reporting a famous actor's hospitalization at Northern Star Media for exhaustion, with management statement. UI layout: newspaper front page layout: masthead with newspaper name, date, edition number; multi-column text layout, large headline in bold serif font, subheadlines, byline; black and white or muted-color photos with captions, article continuation markers. Landscape framing, aspect 4:3, 1600×1200 (print flat landscape); device frame: Flat-lay of printed page on a desk, paper curl, soft shadow, natural reading distance. Capture condition: printed on paper and then photographed, showing paper texture, slight skew, and ambient shadows. All text content is in Vietnamese (Tiếng Việt). Names, organizations, places, and numbers should use plausible everyday forms. Typography and UI density should match a genuine device capture."
VI_fake_002,VI_fake_002.jpg,fake,VIETNAMESE,paper,Culture & Entertainment,"Imagine looking at someone's phone or screen showing magazine in light mode. The screen displays a post in Vietnamese (Tiếng Việt) about: tabloid-style report on a public figure's real estate purchase in Ashford for $4.7 billion, with property photos. The interface includes: magazine page: glossy finish look, stylized headline typography, large feature image; pull quotes, sidebar text boxes, page number, magazine name in header/footer; multi-column layout with callout statistics or infographics. Portrait framing, aspect 3:4, 1200×1600 (document viewer portrait), captured from Single-page A4/letter in viewer or on desk, margins, paragraph blocks, formal layout. The image has: wet or coffee-stained document with ring marks and faded text areas. Names, organizations, places, and numbers should use plausible everyday forms. Typography and UI density should match a genuine device capture."
VI_fake_003,VI_fake_003.jpg,fake,VIETNAMESE,paper,Politics & Military,"Imagine looking at someone's phone or screen showing magazine in light mode. The screen displays a post in Vietnamese (Tiếng Việt) about: draft executive order text on data privacy regulations from a district commissioner's office with implementation date and penalties. The interface includes: magazine page: glossy finish look, stylized headline typography, large feature image; pull quotes, sidebar text boxes, page number, magazine name in header/footer; multi-column layout with callout statistics or infographics. Portrait framing, aspect 2:3, 1200×1800 (A-series scan), captured from Single-page A4/letter in viewer or on desk, margins, paragraph blocks, formal layout. The image has: photocopied document with reduced contrast, visible copier edge shadows, and slight grain. Names, organizations, places, and numbers should use plausible everyday forms. Typography and UI density should match a genuine device capture."
VI_fake_004,VI_fake_004.jpg,fake,VIETNAMESE,paper,Politics & Military,"A light mode screenshot of magazine in Vietnamese, showing: a party spokesperson's press conference announcing reversal of a major transportation policy affecting Oakmont. UI layout: magazine page: glossy finish look, stylized headline typography, large feature image; pull quotes, sidebar text boxes, page number, magazine name in header/footer; multi-column layout with callout statistics or infographics. Portrait framing, aspect 3:4, 1200×1600 (print flat scan); device frame: Flat-lay of printed page on a desk, paper curl, soft shadow, natural reading distance. Capture condition: slightly compressed image quality, minor compression artifacts visible at edges. All text content is in Vietnamese (Tiếng Việt). Names, organizations, places, and numbers should use plausible everyday forms. Typography and UI density should match a genuine device capture."
VI_fake_005,VI_fake_005.jpg,fake,VIETNAMESE,paper,Society & Livelihood,"newspaper · light mode · Vietnamese (Tiếng Việt). Content: Blue Harbor Insurance clinical trial recruitment notice for a new diabetes treatment, offering $560 million compensation to participants in Northbridge. UI specification: newspaper front page layout: masthead with newspaper name, date, edition number; multi-column text layout, large headline in bold serif font, subheadlines, byline; black and white or muted-color photos with captions, article continuation markers. Resolution/framing: Portrait framing, aspect 3:4, 1200×1600 (document viewer portrait). Device context: Single-page A4/letter in viewer or on desk, margins, paragraph blocks, formal layout. Capture artifact: printed on paper and then photographed, showing paper texture, slight skew, and ambient shadows. Names, organizations, places, and numbers should use plausible everyday forms. Typography and UI density should match a genuine device capture."
VI_real_001,VI_real_001.jpg,real,VIETNAMESE,paper,Culture & Entertainment,
VI_real_002,VI_real_002.jpg,real,VIETNAMESE,paper,Culture & Entertainment,
VI_real_003,VI_real_003.jpg,real,VIETNAMESE,screen,Politics & Military,
VI_real_004,VI_real_004.jpg,real,VIETNAMESE,screen,Politics & Military,
VI_real_005,VI_real_005.jpg,real,VIETNAMESE,paper,Society & Livelihood,
